"Status","Start Time","Stop Time","Duration in ms","Parent Suite","Suite","Sub Suite","Test Class","Test Method","Name","Description"
"passed","Tue Oct 22 21:35:30 GMT 2024","Tue Oct 22 21:35:30 GMT 2024","2","","","","UnitTests.Repositories.LabelRepositoryUnitTests","UnitTests.Repositories.LabelRepositoryUnitTests.TestDeleteNonExistentLabel","UnitTests.Repositories.LabelRepositoryUnitTests.TestDeleteNonExistentLabel",""
"passed","Tue Oct 22 21:35:30 GMT 2024","Tue Oct 22 21:35:30 GMT 2024","3","","","","UnitTests.Converters.ImageConverterUnitTests","UnitTests.Converters.ImageConverterUnitTests.TestConvertOkDbToCoreModel","UnitTests.Converters.ImageConverterUnitTests.TestConvertOkDbToCoreModel",""
"passed","Tue Oct 22 21:35:31 GMT 2024","Tue Oct 22 21:35:31 GMT 2024","4","","","","UnitTests.Repositories.ImageRepositoryUnitTests","UnitTests.Repositories.ImageRepositoryUnitTests.TestGetAllImagesForDataset","UnitTests.Repositories.ImageRepositoryUnitTests.TestGetAllImagesForDataset",""
"passed","Tue Oct 22 21:35:30 GMT 2024","Tue Oct 22 21:35:30 GMT 2024","13","","","","UnitTests.Repositories.LabelRepositoryUnitTests","UnitTests.Repositories.LabelRepositoryUnitTests.TestAddLabelInNonEmptyTable","UnitTests.Repositories.LabelRepositoryUnitTests.TestAddLabelInNonEmptyTable",""
"passed","Tue Oct 22 21:35:30 GMT 2024","Tue Oct 22 21:35:30 GMT 2024","5","","","","UnitTests.Repositories.UserRepositoryUnitTests","UnitTests.Repositories.UserRepositoryUnitTests.TestAddUserInNonEmptyTable","UnitTests.Repositories.UserRepositoryUnitTests.TestAddUserInNonEmptyTable",""
"passed","Tue Oct 22 21:36:14 GMT 2024","Tue Oct 22 21:36:14 GMT 2024","25","","","","IntegrationTests.Services.LabelServiceIntegrationTests","IntegrationTests.Services.LabelServiceIntegrationTests.TestGetAllLabels","IntegrationTests.Services.LabelServiceIntegrationTests.TestGetAllLabels",""
"passed","Tue Oct 22 21:36:14 GMT 2024","Tue Oct 22 21:36:14 GMT 2024","17","","","","IntegrationTests.Services.SchemeServiceIntegrationTests","IntegrationTests.Services.SchemeServiceIntegrationTests.TestDeleteSchemeWithNonExistingId","IntegrationTests.Services.SchemeServiceIntegrationTests.TestDeleteSchemeWithNonExistingId",""
"passed","Tue Oct 22 21:36:13 GMT 2024","Tue Oct 22 21:36:14 GMT 2024","10","","","","IntegrationTests.Services.AuthServiceIntegrationTests","IntegrationTests.Services.AuthServiceIntegrationTests.TestLoginUserWithNonExistingUsername","IntegrationTests.Services.AuthServiceIntegrationTests.TestLoginUserWithNonExistingUsername",""
"passed","Tue Oct 22 21:35:31 GMT 2024","Tue Oct 22 21:35:31 GMT 2024","0","","","","UnitTests.Converters.DatasetConverterUnitTests","UnitTests.Converters.DatasetConverterUnitTests.TestConvertNullCoreToDbModel","UnitTests.Converters.DatasetConverterUnitTests.TestConvertNullCoreToDbModel",""
"passed","Tue Oct 22 21:36:15 GMT 2024","Tue Oct 22 21:36:15 GMT 2024","28","","","","IntegrationTests.Services.SchemeServiceIntegrationTests","IntegrationTests.Services.SchemeServiceIntegrationTests.TestGetSchemeWithExistingId","IntegrationTests.Services.SchemeServiceIntegrationTests.TestGetSchemeWithExistingId",""
"passed","Tue Oct 22 21:36:14 GMT 2024","Tue Oct 22 21:36:14 GMT 2024","19","","","","IntegrationTests.Services.DatasetServiceIntegrationTests","IntegrationTests.Services.DatasetServiceIntegrationTests.TestWhichImageExists","IntegrationTests.Services.DatasetServiceIntegrationTests.TestWhichImageExists",""
"passed","Tue Oct 22 21:35:31 GMT 2024","Tue Oct 22 21:35:31 GMT 2024","4","","","","UnitTests.Services.DatasetServiceUnitTests","UnitTests.Services.DatasetServiceUnitTests.TestAddDatasetWithOkTitle","UnitTests.Services.DatasetServiceUnitTests.TestAddDatasetWithOkTitle",""
"passed","Tue Oct 22 21:35:31 GMT 2024","Tue Oct 22 21:35:31 GMT 2024","3","","","","UnitTests.Services.DatasetServiceUnitTests","UnitTests.Services.DatasetServiceUnitTests.TestWhichImageExists","UnitTests.Services.DatasetServiceUnitTests.TestWhichImageExists",""
"passed","Tue Oct 22 21:35:31 GMT 2024","Tue Oct 22 21:35:31 GMT 2024","0","","","","UnitTests.Converters.UserConverterUnitTests","UnitTests.Converters.UserConverterUnitTests.TestConvertNullDbToCoreModel","UnitTests.Converters.UserConverterUnitTests.TestConvertNullDbToCoreModel",""
"passed","Tue Oct 22 21:35:30 GMT 2024","Tue Oct 22 21:35:30 GMT 2024","1","","","","UnitTests.Services.SchemeServiceUnitTests","UnitTests.Services.SchemeServiceUnitTests.TestGetSchemeWithNonExistingId","UnitTests.Services.SchemeServiceUnitTests.TestGetSchemeWithNonExistingId",""
"passed","Tue Oct 22 21:36:14 GMT 2024","Tue Oct 22 21:36:14 GMT 2024","30","","","","IntegrationTests.Services.MarkedServiceIntegrationTests","IntegrationTests.Services.MarkedServiceIntegrationTests.Get_ShouldReturnMarkedModel_WhenValidModel","IntegrationTests.Services.MarkedServiceIntegrationTests.Get_ShouldReturnMarkedModel_WhenValidModel",""
"passed","Tue Oct 22 21:36:12 GMT 2024","Tue Oct 22 21:36:12 GMT 2024","33","","","","IntegrationTests.Repositories.MarkedRepositoryIntegrationTests","IntegrationTests.Repositories.MarkedRepositoryIntegrationTests.TestGetBySchemeId","IntegrationTests.Repositories.MarkedRepositoryIntegrationTests.TestGetBySchemeId",""
"passed","Tue Oct 22 21:36:14 GMT 2024","Tue Oct 22 21:36:14 GMT 2024","18","","","","IntegrationTests.Services.DatasetServiceIntegrationTests","IntegrationTests.Services.DatasetServiceIntegrationTests.TestGetDatasetWithNonExistingId","IntegrationTests.Services.DatasetServiceIntegrationTests.TestGetDatasetWithNonExistingId",""
"passed","Tue Oct 22 21:35:31 GMT 2024","Tue Oct 22 21:35:31 GMT 2024","2","","","","UnitTests.Repositories.ReportRepositoryUnitTests","UnitTests.Repositories.ReportRepositoryUnitTests.TestGetNoReports","UnitTests.Repositories.ReportRepositoryUnitTests.TestGetNoReports",""
"passed","Tue Oct 22 21:35:31 GMT 2024","Tue Oct 22 21:35:31 GMT 2024","3","","","","UnitTests.Services.DatasetServiceUnitTests","UnitTests.Services.DatasetServiceUnitTests.TestGetDatasetWithExistingId","UnitTests.Services.DatasetServiceUnitTests.TestGetDatasetWithExistingId",""
"passed","Tue Oct 22 21:36:15 GMT 2024","Tue Oct 22 21:36:15 GMT 2024","16","","","","IntegrationTests.Services.UserServiceIntegrationTests","IntegrationTests.Services.UserServiceIntegrationTests.GetUserByIDsExistingUsers","IntegrationTests.Services.UserServiceIntegrationTests.GetUserByIDsExistingUsers",""
"passed","Tue Oct 22 21:35:30 GMT 2024","Tue Oct 22 21:35:30 GMT 2024","8","","","","UnitTests.Converters.MarkedConverterUnitTests","UnitTests.Converters.MarkedConverterUnitTests.TestConvertOkCoreToDbConnectModel","UnitTests.Converters.MarkedConverterUnitTests.TestConvertOkCoreToDbConnectModel",""
"passed","Tue Oct 22 21:36:13 GMT 2024","Tue Oct 22 21:36:13 GMT 2024","80","","","","IntegrationTests.Services.AuthServiceIntegrationTests","IntegrationTests.Services.AuthServiceIntegrationTests.TestUpdateTokenWithValidTokens","IntegrationTests.Services.AuthServiceIntegrationTests.TestUpdateTokenWithValidTokens",""
"passed","Tue Oct 22 21:36:12 GMT 2024","Tue Oct 22 21:36:12 GMT 2024","40","","","","IntegrationTests.Repositories.MarkedRepositoryIntegrationTests","IntegrationTests.Repositories.MarkedRepositoryIntegrationTests.TestUpdateBlockWithNonExistentId","IntegrationTests.Repositories.MarkedRepositoryIntegrationTests.TestUpdateBlockWithNonExistentId",""
"passed","Tue Oct 22 21:36:13 GMT 2024","Tue Oct 22 21:36:13 GMT 2024","20","","","","IntegrationTests.Repositories.UserRepositoryIntegrationTests","IntegrationTests.Repositories.UserRepositoryIntegrationTests.TestGetUserByUsernameNotFound","IntegrationTests.Repositories.UserRepositoryIntegrationTests.TestGetUserByUsernameNotFound",""
"passed","Tue Oct 22 21:36:11 GMT 2024","Tue Oct 22 21:36:11 GMT 2024","26","","","","IntegrationTests.Repositories.LabelRepositoryIntegrationTests","IntegrationTests.Repositories.LabelRepositoryIntegrationTests.TestGetAllLabels","IntegrationTests.Repositories.LabelRepositoryIntegrationTests.TestGetAllLabels",""
"passed","Tue Oct 22 21:36:15 GMT 2024","Tue Oct 22 21:36:15 GMT 2024","20","","","","IntegrationTests.Services.UserServiceIntegrationTests","IntegrationTests.Services.UserServiceIntegrationTests.IsBannedUserIsBanned","IntegrationTests.Services.UserServiceIntegrationTests.IsBannedUserIsBanned",""
"passed","Tue Oct 22 21:36:11 GMT 2024","Tue Oct 22 21:36:11 GMT 2024","20","","","","IntegrationTests.Repositories.LabelRepositoryIntegrationTests","IntegrationTests.Repositories.LabelRepositoryIntegrationTests.TestDeleteExistingLabel","IntegrationTests.Repositories.LabelRepositoryIntegrationTests.TestDeleteExistingLabel",""
"passed","Tue Oct 22 21:36:14 GMT 2024","Tue Oct 22 21:36:14 GMT 2024","24","","","","IntegrationTests.Services.DatasetServiceIntegrationTests","IntegrationTests.Services.DatasetServiceIntegrationTests.TestDeleteNonExistingDatasetFails","IntegrationTests.Services.DatasetServiceIntegrationTests.TestDeleteNonExistingDatasetFails",""
"passed","Tue Oct 22 21:35:31 GMT 2024","Tue Oct 22 21:35:31 GMT 2024","3","","","","UnitTests.Repositories.SchemeRepositoryUnitTests","UnitTests.Repositories.SchemeRepositoryUnitTests.TestGetNonExistentScheme","UnitTests.Repositories.SchemeRepositoryUnitTests.TestGetNonExistentScheme",""
"passed","Tue Oct 22 21:36:11 GMT 2024","Tue Oct 22 21:36:11 GMT 2024","20","","","","IntegrationTests.Repositories.DatasetRepositoryIntegrationTests","IntegrationTests.Repositories.DatasetRepositoryIntegrationTests.TestGetNonExistentDataset","IntegrationTests.Repositories.DatasetRepositoryIntegrationTests.TestGetNonExistentDataset",""
"passed","Tue Oct 22 21:36:13 GMT 2024","Tue Oct 22 21:36:13 GMT 2024","23","","","","IntegrationTests.Repositories.SchemeRepositoryIntegrationTests","IntegrationTests.Repositories.SchemeRepositoryIntegrationTests.TestDeleteNonExistentScheme","IntegrationTests.Repositories.SchemeRepositoryIntegrationTests.TestDeleteNonExistentScheme",""
"passed","Tue Oct 22 21:36:15 GMT 2024","Tue Oct 22 21:36:15 GMT 2024","22","","","","IntegrationTests.Services.UserServiceIntegrationTests","IntegrationTests.Services.UserServiceIntegrationTests.GetUsersAdminUser","IntegrationTests.Services.UserServiceIntegrationTests.GetUsersAdminUser",""
"passed","Tue Oct 22 21:35:30 GMT 2024","Tue Oct 22 21:35:30 GMT 2024","2","","","","UnitTests.Converters.BannedConverterUnitTests","UnitTests.Converters.BannedConverterUnitTests.TestConvertOkCoreToDbModel","UnitTests.Converters.BannedConverterUnitTests.TestConvertOkCoreToDbModel",""
"passed","Tue Oct 22 21:35:30 GMT 2024","Tue Oct 22 21:35:30 GMT 2024","2","","","","UnitTests.Services.MarkedServiceTests","UnitTests.Services.MarkedServiceTests.GetAll_ShouldReturnNonBlockedMarkedModels_WhenAdminIdIsNotAdmin","UnitTests.Services.MarkedServiceTests.GetAll_ShouldReturnNonBlockedMarkedModels_WhenAdminIdIsNotAdmin",""
"passed","Tue Oct 22 21:35:30 GMT 2024","Tue Oct 22 21:35:30 GMT 2024","34","","","","UnitTests.Services.UserServiceUnitTests","UnitTests.Services.UserServiceUnitTests.UnbanByBanIdUserIsBanned","UnitTests.Services.UserServiceUnitTests.UnbanByBanIdUserIsBanned",""
"passed","Tue Oct 22 21:35:30 GMT 2024","Tue Oct 22 21:35:30 GMT 2024","1","","","","UnitTests.Services.MarkedServiceTests","UnitTests.Services.MarkedServiceTests.Create_ShouldSucceed_WhenValidModel","UnitTests.Services.MarkedServiceTests.Create_ShouldSucceed_WhenValidModel",""
"passed","Tue Oct 22 21:35:30 GMT 2024","Tue Oct 22 21:35:31 GMT 2024","2","","","","UnitTests.Repositories.UserRepositoryUnitTests","UnitTests.Repositories.UserRepositoryUnitTests.TestAddUserInEmptyTable","UnitTests.Repositories.UserRepositoryUnitTests.TestAddUserInEmptyTable",""
"passed","Tue Oct 22 21:36:15 GMT 2024","Tue Oct 22 21:36:15 GMT 2024","15","","","","IntegrationTests.Services.UserServiceIntegrationTests","IntegrationTests.Services.UserServiceIntegrationTests.BanMarksAdminIsNotAdmin","IntegrationTests.Services.UserServiceIntegrationTests.BanMarksAdminIsNotAdmin",""
"passed","Tue Oct 22 21:36:11 GMT 2024","Tue Oct 22 21:36:11 GMT 2024","64","","","","IntegrationTests.Repositories.MarkedRepositoryIntegrationTests","IntegrationTests.Repositories.MarkedRepositoryIntegrationTests.TestGetNonExistentMarked","IntegrationTests.Repositories.MarkedRepositoryIntegrationTests.TestGetNonExistentMarked",""
"passed","Tue Oct 22 21:36:14 GMT 2024","Tue Oct 22 21:36:14 GMT 2024","31","","","","IntegrationTests.Services.ReportServiceIntegrationTests","IntegrationTests.Services.ReportServiceIntegrationTests.TestGetAllReportsWhenReportsExist","IntegrationTests.Services.ReportServiceIntegrationTests.TestGetAllReportsWhenReportsExist",""
"passed","Tue Oct 22 21:35:30 GMT 2024","Tue Oct 22 21:35:30 GMT 2024","14","","","","UnitTests.Services.AuthServiceUnitTests","UnitTests.Services.AuthServiceUnitTests.TestRegisterUserWithValidData","UnitTests.Services.AuthServiceUnitTests.TestRegisterUserWithValidData",""
"passed","Tue Oct 22 21:36:15 GMT 2024","Tue Oct 22 21:36:15 GMT 2024","15","","","","IntegrationTests.Services.UserServiceIntegrationTests","IntegrationTests.Services.UserServiceIntegrationTests.GetUsersUserIsNotAdmin","IntegrationTests.Services.UserServiceIntegrationTests.GetUsersUserIsNotAdmin",""
"passed","Tue Oct 22 21:36:13 GMT 2024","Tue Oct 22 21:36:13 GMT 2024","9","","","","IntegrationTests.Repositories.SchemeRepositoryIntegrationTests","IntegrationTests.Repositories.SchemeRepositoryIntegrationTests.TestGetAllSchemesEmpty","IntegrationTests.Repositories.SchemeRepositoryIntegrationTests.TestGetAllSchemesEmpty",""
"passed","Tue Oct 22 21:35:30 GMT 2024","Tue Oct 22 21:35:30 GMT 2024","3","","","","UnitTests.Converters.AreaConverterUnitTests","UnitTests.Converters.AreaConverterUnitTests.TestConvertOkCoreToDbModel","UnitTests.Converters.AreaConverterUnitTests.TestConvertOkCoreToDbModel",""
"passed","Tue Oct 22 21:35:30 GMT 2024","Tue Oct 22 21:35:30 GMT 2024","4","","","","UnitTests.Services.UserServiceUnitTests","UnitTests.Services.UserServiceUnitTests.BanMarksUserIsAdmin","UnitTests.Services.UserServiceUnitTests.BanMarksUserIsAdmin",""
"passed","Tue Oct 22 21:36:15 GMT 2024","Tue Oct 22 21:36:15 GMT 2024","11","","","","IntegrationTests.Services.UserServiceIntegrationTests","IntegrationTests.Services.UserServiceIntegrationTests.UnbanByBanIdUserIsNotBanned","IntegrationTests.Services.UserServiceIntegrationTests.UnbanByBanIdUserIsNotBanned",""
"passed","Tue Oct 22 21:36:14 GMT 2024","Tue Oct 22 21:36:14 GMT 2024","51","","","","IntegrationTests.Services.ReportServiceIntegrationTests","IntegrationTests.Services.ReportServiceIntegrationTests.TestCreateReportWithValidUserId","IntegrationTests.Services.ReportServiceIntegrationTests.TestCreateReportWithValidUserId",""
"passed","Tue Oct 22 21:36:11 GMT 2024","Tue Oct 22 21:36:11 GMT 2024","20","","","","IntegrationTests.Repositories.DatasetRepositoryIntegrationTests","IntegrationTests.Repositories.DatasetRepositoryIntegrationTests.TestGetAllNoDataset","IntegrationTests.Repositories.DatasetRepositoryIntegrationTests.TestGetAllNoDataset",""
"passed","Tue Oct 22 21:35:30 GMT 2024","Tue Oct 22 21:35:30 GMT 2024","3","","","","UnitTests.Services.SchemeServiceUnitTests","UnitTests.Services.SchemeServiceUnitTests.TestGetSchemeWithExistingId","UnitTests.Services.SchemeServiceUnitTests.TestGetSchemeWithExistingId",""
"passed","Tue Oct 22 21:35:30 GMT 2024","Tue Oct 22 21:35:30 GMT 2024","3","","","","UnitTests.Services.UserServiceUnitTests","UnitTests.Services.UserServiceUnitTests.BanUserExists","UnitTests.Services.UserServiceUnitTests.BanUserExists",""
"passed","Tue Oct 22 21:35:30 GMT 2024","Tue Oct 22 21:35:30 GMT 2024","4","","","","UnitTests.Services.UserServiceUnitTests","UnitTests.Services.UserServiceUnitTests.GetUsersAdminUser","UnitTests.Services.UserServiceUnitTests.GetUsersAdminUser",""
"passed","Tue Oct 22 21:35:31 GMT 2024","Tue Oct 22 21:35:31 GMT 2024","9","","","","UnitTests.Services.DatasetServiceUnitTests","UnitTests.Services.DatasetServiceUnitTests.TestAddDatasetWithEmptyTitle","UnitTests.Services.DatasetServiceUnitTests.TestAddDatasetWithEmptyTitle",""
"passed","Tue Oct 22 21:35:30 GMT 2024","Tue Oct 22 21:35:30 GMT 2024","3","","","","UnitTests.Converters.MarkedConverterUnitTests","UnitTests.Converters.MarkedConverterUnitTests.TestConvertOkDbToCoreModel","UnitTests.Converters.MarkedConverterUnitTests.TestConvertOkDbToCoreModel",""
"passed","Tue Oct 22 21:36:12 GMT 2024","Tue Oct 22 21:36:12 GMT 2024","18","","","","IntegrationTests.Repositories.MarkedRepositoryIntegrationTests","IntegrationTests.Repositories.MarkedRepositoryIntegrationTests.TestGetByNonExistentDatasetId","IntegrationTests.Repositories.MarkedRepositoryIntegrationTests.TestGetByNonExistentDatasetId",""
"passed","Tue Oct 22 21:35:30 GMT 2024","Tue Oct 22 21:35:30 GMT 2024","2","","","","UnitTests.Repositories.DatasetRepositoryUnitTests","UnitTests.Repositories.DatasetRepositoryUnitTests.TestAddDatasetInEmptyTable","UnitTests.Repositories.DatasetRepositoryUnitTests.TestAddDatasetInEmptyTable",""
"passed","Tue Oct 22 21:35:31 GMT 2024","Tue Oct 22 21:35:31 GMT 2024","1","","","","UnitTests.Converters.SchemeConverterUnitTests","UnitTests.Converters.SchemeConverterUnitTests.TestConvertOkDbToCoreModel","UnitTests.Converters.SchemeConverterUnitTests.TestConvertOkDbToCoreModel",""
"passed","Tue Oct 22 21:35:30 GMT 2024","Tue Oct 22 21:35:30 GMT 2024","1","","","","UnitTests.Services.MarkedServiceTests","UnitTests.Services.MarkedServiceTests.Update_Block_ShouldUpdateMarkedModel_WhenUserIsAdmin","UnitTests.Services.MarkedServiceTests.Update_Block_ShouldUpdateMarkedModel_WhenUserIsAdmin",""
"passed","Tue Oct 22 21:36:12 GMT 2024","Tue Oct 22 21:36:12 GMT 2024","31","","","","IntegrationTests.Repositories.MarkedRepositoryIntegrationTests","IntegrationTests.Repositories.MarkedRepositoryIntegrationTests.TestGetAll","IntegrationTests.Repositories.MarkedRepositoryIntegrationTests.TestGetAll",""
"passed","Tue Oct 22 21:35:31 GMT 2024","Tue Oct 22 21:35:31 GMT 2024","5","","","","UnitTests.Repositories.MarkedRepositoryUnitTests","UnitTests.Repositories.MarkedRepositoryUnitTests.TestCreateMarkedWithoutAreas","UnitTests.Repositories.MarkedRepositoryUnitTests.TestCreateMarkedWithoutAreas",""
"passed","Tue Oct 22 21:35:31 GMT 2024","Tue Oct 22 21:35:31 GMT 2024","2","","","","UnitTests.Repositories.UserRepositoryUnitTests","UnitTests.Repositories.UserRepositoryUnitTests.TestBanMarks","UnitTests.Repositories.UserRepositoryUnitTests.TestBanMarks",""
"passed","Tue Oct 22 21:36:13 GMT 2024","Tue Oct 22 21:36:13 GMT 2024","27","","","","IntegrationTests.Repositories.UserRepositoryIntegrationTests","IntegrationTests.Repositories.UserRepositoryIntegrationTests.TestGetUserByIdNotFound","IntegrationTests.Repositories.UserRepositoryIntegrationTests.TestGetUserByIdNotFound",""
"passed","Tue Oct 22 21:35:31 GMT 2024","Tue Oct 22 21:35:31 GMT 2024","2","","","","UnitTests.Services.DatasetServiceUnitTests","UnitTests.Services.DatasetServiceUnitTests.TestDeleteNonExistingDatasetFails","UnitTests.Services.DatasetServiceUnitTests.TestDeleteNonExistingDatasetFails",""
"passed","Tue Oct 22 21:35:30 GMT 2024","Tue Oct 22 21:35:30 GMT 2024","4","","","","UnitTests.Repositories.UserRepositoryUnitTests","UnitTests.Repositories.UserRepositoryUnitTests.TestGetUserByUsername","UnitTests.Repositories.UserRepositoryUnitTests.TestGetUserByUsername",""
"passed","Tue Oct 22 21:35:31 GMT 2024","Tue Oct 22 21:35:31 GMT 2024","3","","","","UnitTests.Repositories.MarkedRepositoryUnitTests","UnitTests.Repositories.MarkedRepositoryUnitTests.TestUpdateBlockWithNonExistentId","UnitTests.Repositories.MarkedRepositoryUnitTests.TestUpdateBlockWithNonExistentId",""
"passed","Tue Oct 22 21:36:14 GMT 2024","Tue Oct 22 21:36:14 GMT 2024","26","","","","IntegrationTests.Services.MarkedServiceIntegrationTests","IntegrationTests.Services.MarkedServiceIntegrationTests.Get_ShouldThrowException_WhenMarkedModelNotFound","IntegrationTests.Services.MarkedServiceIntegrationTests.Get_ShouldThrowException_WhenMarkedModelNotFound",""
"passed","Tue Oct 22 21:35:30 GMT 2024","Tue Oct 22 21:35:30 GMT 2024","4","","","","UnitTests.Services.ReportServiceUnitTests","UnitTests.Services.ReportServiceUnitTests.TestCreateReportWithInvalidUserId","UnitTests.Services.ReportServiceUnitTests.TestCreateReportWithInvalidUserId",""
"passed","Tue Oct 22 21:36:13 GMT 2024","Tue Oct 22 21:36:13 GMT 2024","32","","","","IntegrationTests.Repositories.UserRepositoryIntegrationTests","IntegrationTests.Repositories.UserRepositoryIntegrationTests.TestGetAllUsersNoAdmin","IntegrationTests.Repositories.UserRepositoryIntegrationTests.TestGetAllUsersNoAdmin",""
"passed","Tue Oct 22 21:36:14 GMT 2024","Tue Oct 22 21:36:14 GMT 2024","40","","","","IntegrationTests.Services.MarkedServiceIntegrationTests","IntegrationTests.Services.MarkedServiceIntegrationTests.Get_ShouldReturnMarkedModels_WhenAdminIdIsAdmin","IntegrationTests.Services.MarkedServiceIntegrationTests.Get_ShouldReturnMarkedModels_WhenAdminIdIsAdmin",""
"passed","Tue Oct 22 21:35:30 GMT 2024","Tue Oct 22 21:35:30 GMT 2024","2","","","","UnitTests.Services.MarkedServiceTests","UnitTests.Services.MarkedServiceTests.Get_ShouldReturnFilteredMarkedModels_WhenAdminIdIsNotAdmin","UnitTests.Services.MarkedServiceTests.Get_ShouldReturnFilteredMarkedModels_WhenAdminIdIsNotAdmin",""
"passed","Tue Oct 22 21:36:11 GMT 2024","Tue Oct 22 21:36:11 GMT 2024","28","","","","IntegrationTests.Repositories.DatasetRepositoryIntegrationTests","IntegrationTests.Repositories.DatasetRepositoryIntegrationTests.TestGetExistingDataset","IntegrationTests.Repositories.DatasetRepositoryIntegrationTests.TestGetExistingDataset",""
"passed","Tue Oct 22 21:36:11 GMT 2024","Tue Oct 22 21:36:11 GMT 2024","19","","","","IntegrationTests.Repositories.LabelRepositoryIntegrationTests","IntegrationTests.Repositories.LabelRepositoryIntegrationTests.TestGetNoLabels","IntegrationTests.Repositories.LabelRepositoryIntegrationTests.TestGetNoLabels",""
"passed","Tue Oct 22 21:35:31 GMT 2024","Tue Oct 22 21:35:31 GMT 2024","1","","","","UnitTests.Repositories.ImageRepositoryUnitTests","UnitTests.Repositories.ImageRepositoryUnitTests.TestAddImageInNonEmptyTable","UnitTests.Repositories.ImageRepositoryUnitTests.TestAddImageInNonEmptyTable",""
"passed","Tue Oct 22 21:35:30 GMT 2024","Tue Oct 22 21:35:30 GMT 2024","4","","","","UnitTests.Repositories.UserRepositoryUnitTests","UnitTests.Repositories.UserRepositoryUnitTests.TestUnbanUserByBanIdNotFound","UnitTests.Repositories.UserRepositoryUnitTests.TestUnbanUserByBanIdNotFound",""
"passed","Tue Oct 22 21:36:14 GMT 2024","Tue Oct 22 21:36:14 GMT 2024","20","","","","IntegrationTests.Services.DatasetServiceIntegrationTests","IntegrationTests.Services.DatasetServiceIntegrationTests.TestAddDatasetWithEmptyTitle","IntegrationTests.Services.DatasetServiceIntegrationTests.TestAddDatasetWithEmptyTitle",""
"passed","Tue Oct 22 21:36:15 GMT 2024","Tue Oct 22 21:36:15 GMT 2024","8","","","","IntegrationTests.Services.UserServiceIntegrationTests","IntegrationTests.Services.UserServiceIntegrationTests.GetUserByIDsEmptyList","IntegrationTests.Services.UserServiceIntegrationTests.GetUserByIDsEmptyList",""
"passed","Tue Oct 22 21:35:30 GMT 2024","Tue Oct 22 21:35:30 GMT 2024","0","","","","UnitTests.Converters.ImageConverterUnitTests","UnitTests.Converters.ImageConverterUnitTests.TestConvertNullDbToCoreModel","UnitTests.Converters.ImageConverterUnitTests.TestConvertNullDbToCoreModel",""
"passed","Tue Oct 22 21:35:30 GMT 2024","Tue Oct 22 21:35:30 GMT 2024","1","","","","UnitTests.Services.UserServiceUnitTests","UnitTests.Services.UserServiceUnitTests.UnbanByBanIdUserIsNotBanned","UnitTests.Services.UserServiceUnitTests.UnbanByBanIdUserIsNotBanned",""
"passed","Tue Oct 22 21:35:31 GMT 2024","Tue Oct 22 21:35:31 GMT 2024","1","","","","UnitTests.Converters.SchemeConverterUnitTests","UnitTests.Converters.SchemeConverterUnitTests.TestConvertOkCoreToDbConnectModel","UnitTests.Converters.SchemeConverterUnitTests.TestConvertOkCoreToDbConnectModel",""
"passed","Tue Oct 22 21:35:30 GMT 2024","Tue Oct 22 21:35:30 GMT 2024","1","","","","UnitTests.Services.MarkedServiceTests","UnitTests.Services.MarkedServiceTests.Get_ShouldThrowException_WhenMarkedModelNotFound","UnitTests.Services.MarkedServiceTests.Get_ShouldThrowException_WhenMarkedModelNotFound",""
"passed","Tue Oct 22 21:36:13 GMT 2024","Tue Oct 22 21:36:13 GMT 2024","8","","","","IntegrationTests.Services.AuthServiceIntegrationTests","IntegrationTests.Services.AuthServiceIntegrationTests.TestUpdateTokenWithInvalidRefreshToken","IntegrationTests.Services.AuthServiceIntegrationTests.TestUpdateTokenWithInvalidRefreshToken",""
"passed","Tue Oct 22 21:35:31 GMT 2024","Tue Oct 22 21:35:31 GMT 2024","0","","","","UnitTests.Converters.SchemeConverterUnitTests","UnitTests.Converters.SchemeConverterUnitTests.TestConvertNullCoreToDbModel","UnitTests.Converters.SchemeConverterUnitTests.TestConvertNullCoreToDbModel",""
"passed","Tue Oct 22 21:35:31 GMT 2024","Tue Oct 22 21:35:31 GMT 2024","2","","","","UnitTests.Repositories.ImageRepositoryUnitTests","UnitTests.Repositories.ImageRepositoryUnitTests.TestGetAllImagesNoImagesForDataset","UnitTests.Repositories.ImageRepositoryUnitTests.TestGetAllImagesNoImagesForDataset",""
"passed","Tue Oct 22 21:36:14 GMT 2024","Tue Oct 22 21:36:14 GMT 2024","15","","","","IntegrationTests.Services.DatasetServiceIntegrationTests","IntegrationTests.Services.DatasetServiceIntegrationTests.TestWhichImageNotExists","IntegrationTests.Services.DatasetServiceIntegrationTests.TestWhichImageNotExists",""
"passed","Tue Oct 22 21:35:31 GMT 2024","Tue Oct 22 21:35:31 GMT 2024","1","","","","UnitTests.Converters.SchemeConverterUnitTests","UnitTests.Converters.SchemeConverterUnitTests.TestConvertNullCoreToDbConnectModel","UnitTests.Converters.SchemeConverterUnitTests.TestConvertNullCoreToDbConnectModel",""
"passed","Tue Oct 22 21:35:30 GMT 2024","Tue Oct 22 21:35:30 GMT 2024","2","","","","UnitTests.Services.SchemeServiceUnitTests","UnitTests.Services.SchemeServiceUnitTests.TestUpdateSchemeWithEmptyTitle","UnitTests.Services.SchemeServiceUnitTests.TestUpdateSchemeWithEmptyTitle",""
"passed","Tue Oct 22 21:36:13 GMT 2024","Tue Oct 22 21:36:13 GMT 2024","22","","","","IntegrationTests.Services.AuthServiceIntegrationTests","IntegrationTests.Services.AuthServiceIntegrationTests.TestRegisterUserWithShortUsername","IntegrationTests.Services.AuthServiceIntegrationTests.TestRegisterUserWithShortUsername",""
"passed","Tue Oct 22 21:35:30 GMT 2024","Tue Oct 22 21:35:30 GMT 2024","0","","","","UnitTests.Converters.MarkedConverterUnitTests","UnitTests.Converters.MarkedConverterUnitTests.TestConvertNullCoreToDbConnectModel","UnitTests.Converters.MarkedConverterUnitTests.TestConvertNullCoreToDbConnectModel",""
"passed","Tue Oct 22 21:36:11 GMT 2024","Tue Oct 22 21:36:11 GMT 2024","46","","","","IntegrationTests.Repositories.ImageRepositoryIntegrationTests","IntegrationTests.Repositories.ImageRepositoryIntegrationTests.TestGetAllImagesForDataset","IntegrationTests.Repositories.ImageRepositoryIntegrationTests.TestGetAllImagesForDataset",""
"passed","Tue Oct 22 21:36:13 GMT 2024","Tue Oct 22 21:36:13 GMT 2024","25","","","","IntegrationTests.Repositories.UserRepositoryIntegrationTests","IntegrationTests.Repositories.UserRepositoryIntegrationTests.TestUnbanUserByBanIdNotFound","IntegrationTests.Repositories.UserRepositoryIntegrationTests.TestUnbanUserByBanIdNotFound",""
"passed","Tue Oct 22 21:35:31 GMT 2024","Tue Oct 22 21:35:31 GMT 2024","2","","","","UnitTests.Repositories.SchemeRepositoryUnitTests","UnitTests.Repositories.SchemeRepositoryUnitTests.TestUpdateExistingScheme","UnitTests.Repositories.SchemeRepositoryUnitTests.TestUpdateExistingScheme",""
"passed","Tue Oct 22 21:35:30 GMT 2024","Tue Oct 22 21:35:30 GMT 2024","0","","","","UnitTests.Converters.LabelConverterUnitTests","UnitTests.Converters.LabelConverterUnitTests.TestConvertNullDbToCoreModel","UnitTests.Converters.LabelConverterUnitTests.TestConvertNullDbToCoreModel",""
"passed","Tue Oct 22 21:35:30 GMT 2024","Tue Oct 22 21:35:30 GMT 2024","3","","","","UnitTests.Services.UserServiceUnitTests","UnitTests.Services.UserServiceUnitTests.GetUserByIDsExistingUsers","UnitTests.Services.UserServiceUnitTests.GetUserByIDsExistingUsers",""
"passed","Tue Oct 22 21:35:31 GMT 2024","Tue Oct 22 21:35:31 GMT 2024","4","","","","UnitTests.Repositories.UserRepositoryUnitTests","UnitTests.Repositories.UserRepositoryUnitTests.TestDoubleBanUser","UnitTests.Repositories.UserRepositoryUnitTests.TestDoubleBanUser",""
"passed","Tue Oct 22 21:36:11 GMT 2024","Tue Oct 22 21:36:11 GMT 2024","28","","","","IntegrationTests.Repositories.LabelRepositoryIntegrationTests","IntegrationTests.Repositories.LabelRepositoryIntegrationTests.TestAddLabelInNonEmptyTable","IntegrationTests.Repositories.LabelRepositoryIntegrationTests.TestAddLabelInNonEmptyTable",""
"passed","Tue Oct 22 21:35:31 GMT 2024","Tue Oct 22 21:35:31 GMT 2024","0","","","","UnitTests.Converters.SchemeConverterUnitTests","UnitTests.Converters.SchemeConverterUnitTests.TestConvertNullDbToCoreModel","UnitTests.Converters.SchemeConverterUnitTests.TestConvertNullDbToCoreModel",""
"passed","Tue Oct 22 21:36:12 GMT 2024","Tue Oct 22 21:36:12 GMT 2024","30","","","","IntegrationTests.Repositories.MarkedRepositoryIntegrationTests","IntegrationTests.Repositories.MarkedRepositoryIntegrationTests.TestGetByDatasetId","IntegrationTests.Repositories.MarkedRepositoryIntegrationTests.TestGetByDatasetId",""
"passed","Tue Oct 22 21:35:30 GMT 2024","Tue Oct 22 21:35:30 GMT 2024","0","","","","UnitTests.Converters.ImageConverterUnitTests","UnitTests.Converters.ImageConverterUnitTests.TestConvertNullCoreToDbModel","UnitTests.Converters.ImageConverterUnitTests.TestConvertNullCoreToDbModel",""
"passed","Tue Oct 22 21:36:12 GMT 2024","Tue Oct 22 21:36:12 GMT 2024","24","","","","IntegrationTests.Repositories.MarkedRepositoryIntegrationTests","IntegrationTests.Repositories.MarkedRepositoryIntegrationTests.TestGetByNonExistentSchemeId","IntegrationTests.Repositories.MarkedRepositoryIntegrationTests.TestGetByNonExistentSchemeId",""
"passed","Tue Oct 22 21:35:30 GMT 2024","Tue Oct 22 21:35:30 GMT 2024","1","","","","UnitTests.Converters.LabelConverterUnitTests","UnitTests.Converters.LabelConverterUnitTests.TestConvertOkDbToCoreModel","UnitTests.Converters.LabelConverterUnitTests.TestConvertOkDbToCoreModel",""
"passed","Tue Oct 22 21:35:30 GMT 2024","Tue Oct 22 21:35:30 GMT 2024","2","","","","UnitTests.Services.MarkedServiceTests","UnitTests.Services.MarkedServiceTests.Get_ShouldReturnMarkedModels_WhenAdminIdIsAdmin","UnitTests.Services.MarkedServiceTests.Get_ShouldReturnMarkedModels_WhenAdminIdIsAdmin",""
"passed","Tue Oct 22 21:35:30 GMT 2024","Tue Oct 22 21:35:30 GMT 2024","11","","","","UnitTests.Repositories.UserRepositoryUnitTests","UnitTests.Repositories.UserRepositoryUnitTests.TestUnbanUserNotFound","UnitTests.Repositories.UserRepositoryUnitTests.TestUnbanUserNotFound",""
"passed","Tue Oct 22 21:36:14 GMT 2024","Tue Oct 22 21:36:14 GMT 2024","13","","","","IntegrationTests.Services.SchemeServiceIntegrationTests","IntegrationTests.Services.SchemeServiceIntegrationTests.TestGetSchemeWithNonExistingId","IntegrationTests.Services.SchemeServiceIntegrationTests.TestGetSchemeWithNonExistingId",""
"passed","Tue Oct 22 21:35:31 GMT 2024","Tue Oct 22 21:35:31 GMT 2024","5","","","","UnitTests.Repositories.ReportRepositoryUnitTests","UnitTests.Repositories.ReportRepositoryUnitTests.TestCreateReportInEmptyTable","UnitTests.Repositories.ReportRepositoryUnitTests.TestCreateReportInEmptyTable",""
"passed","Tue Oct 22 21:35:31 GMT 2024","Tue Oct 22 21:35:31 GMT 2024","4","","","","UnitTests.Converters.DatasetConverterUnitTests","UnitTests.Converters.DatasetConverterUnitTests.TestConvertOkDbToCoreModel","UnitTests.Converters.DatasetConverterUnitTests.TestConvertOkDbToCoreModel",""
"passed","Tue Oct 22 21:36:13 GMT 2024","Tue Oct 22 21:36:13 GMT 2024","23","","","","IntegrationTests.Repositories.UserRepositoryIntegrationTests","IntegrationTests.Repositories.UserRepositoryIntegrationTests.TestUnbanUserByBanId","IntegrationTests.Repositories.UserRepositoryIntegrationTests.TestUnbanUserByBanId",""
"passed","Tue Oct 22 21:35:31 GMT 2024","Tue Oct 22 21:35:31 GMT 2024","4","","","","UnitTests.Repositories.MarkedRepositoryUnitTests","UnitTests.Repositories.MarkedRepositoryUnitTests.TestGetByNonExistentSchemeId","UnitTests.Repositories.MarkedRepositoryUnitTests.TestGetByNonExistentSchemeId",""
"passed","Tue Oct 22 21:36:15 GMT 2024","Tue Oct 22 21:36:15 GMT 2024","29","","","","IntegrationTests.Services.UserServiceIntegrationTests","IntegrationTests.Services.UserServiceIntegrationTests.UnbanUserIsBanned","IntegrationTests.Services.UserServiceIntegrationTests.UnbanUserIsBanned",""
"passed","Tue Oct 22 21:35:30 GMT 2024","Tue Oct 22 21:35:30 GMT 2024","4","","","","UnitTests.Services.LabelServiceUnitTests","UnitTests.Services.LabelServiceUnitTests.TestGetAllLabels","UnitTests.Services.LabelServiceUnitTests.TestGetAllLabels",""
"passed","Tue Oct 22 21:35:30 GMT 2024","Tue Oct 22 21:35:30 GMT 2024","1","","","","UnitTests.Services.MarkedServiceTests","UnitTests.Services.MarkedServiceTests.Create_ShouldThrowException_WhenCreatorDoesNotExist","UnitTests.Services.MarkedServiceTests.Create_ShouldThrowException_WhenCreatorDoesNotExist",""
"passed","Tue Oct 22 21:35:30 GMT 2024","Tue Oct 22 21:35:30 GMT 2024","5","","","","UnitTests.Services.SchemeServiceUnitTests","UnitTests.Services.SchemeServiceUnitTests.TestGetAllSchemes","UnitTests.Services.SchemeServiceUnitTests.TestGetAllSchemes",""
"passed","Tue Oct 22 21:36:15 GMT 2024","Tue Oct 22 21:36:15 GMT 2024","10","","","","IntegrationTests.Services.UserServiceIntegrationTests","IntegrationTests.Services.UserServiceIntegrationTests.IsBannedUserIsNotBanned","IntegrationTests.Services.UserServiceIntegrationTests.IsBannedUserIsNotBanned",""
"passed","Tue Oct 22 21:35:31 GMT 2024","Tue Oct 22 21:35:31 GMT 2024","9","","","","UnitTests.Repositories.SchemeRepositoryUnitTests","UnitTests.Repositories.SchemeRepositoryUnitTests.TestAddSchemeWithoutLabels","UnitTests.Repositories.SchemeRepositoryUnitTests.TestAddSchemeWithoutLabels",""
"passed","Tue Oct 22 21:36:12 GMT 2024","Tue Oct 22 21:36:12 GMT 2024","22","","","","IntegrationTests.Repositories.ReportRepositoryIntegrationTests","IntegrationTests.Repositories.ReportRepositoryIntegrationTests.TestCreateReportInNonEmptyTable","IntegrationTests.Repositories.ReportRepositoryIntegrationTests.TestCreateReportInNonEmptyTable",""
"passed","Tue Oct 22 21:35:31 GMT 2024","Tue Oct 22 21:35:31 GMT 2024","6","","","","UnitTests.Repositories.UserRepositoryUnitTests","UnitTests.Repositories.UserRepositoryUnitTests.TestUnbanMarks","UnitTests.Repositories.UserRepositoryUnitTests.TestUnbanMarks",""
"passed","Tue Oct 22 21:35:30 GMT 2024","Tue Oct 22 21:35:30 GMT 2024","2","","","","UnitTests.Services.UserServiceUnitTests","UnitTests.Services.UserServiceUnitTests.GetUserByIDsEmptyList","UnitTests.Services.UserServiceUnitTests.GetUserByIDsEmptyList",""
"passed","Tue Oct 22 21:35:31 GMT 2024","Tue Oct 22 21:35:31 GMT 2024","0","","","","UnitTests.Converters.UserConverterUnitTests","UnitTests.Converters.UserConverterUnitTests.TestConvertNullCoreToDbModel","UnitTests.Converters.UserConverterUnitTests.TestConvertNullCoreToDbModel",""
"passed","Tue Oct 22 21:35:30 GMT 2024","Tue Oct 22 21:35:30 GMT 2024","4","","","","UnitTests.Services.SchemeServiceUnitTests","UnitTests.Services.SchemeServiceUnitTests.TestDeleteSchemeWithNonExistingId","UnitTests.Services.SchemeServiceUnitTests.TestDeleteSchemeWithNonExistingId",""
"passed","Tue Oct 22 21:35:30 GMT 2024","Tue Oct 22 21:35:30 GMT 2024","6","","","","UnitTests.Repositories.DatasetRepositoryUnitTests","UnitTests.Repositories.DatasetRepositoryUnitTests.TestGetNonExistentDataset","UnitTests.Repositories.DatasetRepositoryUnitTests.TestGetNonExistentDataset",""
"passed","Tue Oct 22 21:35:30 GMT 2024","Tue Oct 22 21:35:30 GMT 2024","2","","","","UnitTests.Services.AuthServiceUnitTests","UnitTests.Services.AuthServiceUnitTests.TestLoginUserWithNonExistingUsername","UnitTests.Services.AuthServiceUnitTests.TestLoginUserWithNonExistingUsername",""
"passed","Tue Oct 22 21:35:30 GMT 2024","Tue Oct 22 21:35:30 GMT 2024","81","","","","UnitTests.Services.AuthServiceUnitTests","UnitTests.Services.AuthServiceUnitTests.TestLoginUserWithValidCredentials","UnitTests.Services.AuthServiceUnitTests.TestLoginUserWithValidCredentials",""
"passed","Tue Oct 22 21:36:12 GMT 2024","Tue Oct 22 21:36:12 GMT 2024","27","","","","IntegrationTests.Repositories.MarkedRepositoryIntegrationTests","IntegrationTests.Repositories.MarkedRepositoryIntegrationTests.TestGetExistingMarked","IntegrationTests.Repositories.MarkedRepositoryIntegrationTests.TestGetExistingMarked",""
"passed","Tue Oct 22 21:35:30 GMT 2024","Tue Oct 22 21:35:30 GMT 2024","65","","","","UnitTests.Repositories.MarkedRepositoryUnitTests","UnitTests.Repositories.MarkedRepositoryUnitTests.TestUpdateRects","UnitTests.Repositories.MarkedRepositoryUnitTests.TestUpdateRects",""
"passed","Tue Oct 22 21:35:30 GMT 2024","Tue Oct 22 21:35:30 GMT 2024","0","","","","UnitTests.Converters.MarkedConverterUnitTests","UnitTests.Converters.MarkedConverterUnitTests.TestConvertNullCoreToDbModel","UnitTests.Converters.MarkedConverterUnitTests.TestConvertNullCoreToDbModel",""
"passed","Tue Oct 22 21:35:30 GMT 2024","Tue Oct 22 21:35:30 GMT 2024","30","","","","UnitTests.Services.SchemeServiceUnitTests","UnitTests.Services.SchemeServiceUnitTests.TestUpdateSchemeSuccessfully","UnitTests.Services.SchemeServiceUnitTests.TestUpdateSchemeSuccessfully",""
"passed","Tue Oct 22 21:36:11 GMT 2024","Tue Oct 22 21:36:12 GMT 2024","207","","","","IntegrationTests.Repositories.MarkedRepositoryIntegrationTests","IntegrationTests.Repositories.MarkedRepositoryIntegrationTests.TestGetByNonExistentDatasetAndSchemeId","IntegrationTests.Repositories.MarkedRepositoryIntegrationTests.TestGetByNonExistentDatasetAndSchemeId",""
"passed","Tue Oct 22 21:36:12 GMT 2024","Tue Oct 22 21:36:12 GMT 2024","46","","","","IntegrationTests.Repositories.MarkedRepositoryIntegrationTests","IntegrationTests.Repositories.MarkedRepositoryIntegrationTests.TestCreateMarkedWithAreas","IntegrationTests.Repositories.MarkedRepositoryIntegrationTests.TestCreateMarkedWithAreas",""
"passed","Tue Oct 22 21:35:30 GMT 2024","Tue Oct 22 21:35:30 GMT 2024","1","","","","UnitTests.Services.MarkedServiceTests","UnitTests.Services.MarkedServiceTests.Delete_ShouldSucceed_WhenValidId","UnitTests.Services.MarkedServiceTests.Delete_ShouldSucceed_WhenValidId",""
"passed","Tue Oct 22 21:35:30 GMT 2024","Tue Oct 22 21:35:30 GMT 2024","3","","","","UnitTests.Repositories.DatasetRepositoryUnitTests","UnitTests.Repositories.DatasetRepositoryUnitTests.TestGetAllDataset","UnitTests.Repositories.DatasetRepositoryUnitTests.TestGetAllDataset",""
"passed","Tue Oct 22 21:36:11 GMT 2024","Tue Oct 22 21:36:11 GMT 2024","25","","","","IntegrationTests.Repositories.ImageRepositoryIntegrationTests","IntegrationTests.Repositories.ImageRepositoryIntegrationTests.TestGetAllImagesNoImagesForDataset","IntegrationTests.Repositories.ImageRepositoryIntegrationTests.TestGetAllImagesNoImagesForDataset",""
"passed","Tue Oct 22 21:36:15 GMT 2024","Tue Oct 22 21:36:15 GMT 2024","11","","","","IntegrationTests.Services.UserServiceIntegrationTests","IntegrationTests.Services.UserServiceIntegrationTests.GetUserByIDExistingUser","IntegrationTests.Services.UserServiceIntegrationTests.GetUserByIDExistingUser",""
"passed","Tue Oct 22 21:36:14 GMT 2024","Tue Oct 22 21:36:14 GMT 2024","35","","","","IntegrationTests.Services.MarkedServiceIntegrationTests","IntegrationTests.Services.MarkedServiceIntegrationTests.Create_ShouldSucceed_WhenValidModel","IntegrationTests.Services.MarkedServiceIntegrationTests.Create_ShouldSucceed_WhenValidModel",""
"passed","Tue Oct 22 21:36:15 GMT 2024","Tue Oct 22 21:36:15 GMT 2024","13","","","","IntegrationTests.Services.UserServiceIntegrationTests","IntegrationTests.Services.UserServiceIntegrationTests.BanUserDoesNotExist","IntegrationTests.Services.UserServiceIntegrationTests.BanUserDoesNotExist",""
"passed","Tue Oct 22 21:35:31 GMT 2024","Tue Oct 22 21:35:31 GMT 2024","1","","","","UnitTests.Converters.UserConverterUnitTests","UnitTests.Converters.UserConverterUnitTests.TestConvertOkDbToCoreModel","UnitTests.Converters.UserConverterUnitTests.TestConvertOkDbToCoreModel",""
"passed","Tue Oct 22 21:35:30 GMT 2024","Tue Oct 22 21:35:30 GMT 2024","5","","","","UnitTests.Repositories.MarkedRepositoryUnitTests","UnitTests.Repositories.MarkedRepositoryUnitTests.TestGetBySchemeId","UnitTests.Repositories.MarkedRepositoryUnitTests.TestGetBySchemeId",""
"passed","Tue Oct 22 21:35:30 GMT 2024","Tue Oct 22 21:35:30 GMT 2024","3","","","","UnitTests.Repositories.DatasetRepositoryUnitTests","UnitTests.Repositories.DatasetRepositoryUnitTests.TestDeleteNonExistentDataset","UnitTests.Repositories.DatasetRepositoryUnitTests.TestDeleteNonExistentDataset",""
"passed","Tue Oct 22 21:35:30 GMT 2024","Tue Oct 22 21:35:30 GMT 2024","1","","","","UnitTests.Converters.LabelConverterUnitTests","UnitTests.Converters.LabelConverterUnitTests.TestConvertOkCoreToDbModel","UnitTests.Converters.LabelConverterUnitTests.TestConvertOkCoreToDbModel",""
"passed","Tue Oct 22 21:35:31 GMT 2024","Tue Oct 22 21:35:31 GMT 2024","3","","","","UnitTests.Repositories.SchemeRepositoryUnitTests","UnitTests.Repositories.SchemeRepositoryUnitTests.TestDeleteExistingScheme","UnitTests.Repositories.SchemeRepositoryUnitTests.TestDeleteExistingScheme",""
"passed","Tue Oct 22 21:35:30 GMT 2024","Tue Oct 22 21:35:30 GMT 2024","2","","","","UnitTests.Services.AuthServiceUnitTests","UnitTests.Services.AuthServiceUnitTests.TestUpdateTokenWithInvalidRefreshToken","UnitTests.Services.AuthServiceUnitTests.TestUpdateTokenWithInvalidRefreshToken",""
"passed","Tue Oct 22 21:36:14 GMT 2024","Tue Oct 22 21:36:14 GMT 2024","38","","","","IntegrationTests.Services.MarkedServiceIntegrationTests","IntegrationTests.Services.MarkedServiceIntegrationTests.Create_ShouldThrowException_WhenCreatorDoesNotExist","IntegrationTests.Services.MarkedServiceIntegrationTests.Create_ShouldThrowException_WhenCreatorDoesNotExist",""
"passed","Tue Oct 22 21:36:14 GMT 2024","Tue Oct 22 21:36:14 GMT 2024","14","","","","IntegrationTests.Services.SchemeServiceIntegrationTests","IntegrationTests.Services.SchemeServiceIntegrationTests.TestAddSchemeWithEmptyTitle","IntegrationTests.Services.SchemeServiceIntegrationTests.TestAddSchemeWithEmptyTitle",""
"passed","Tue Oct 22 21:36:14 GMT 2024","Tue Oct 22 21:36:14 GMT 2024","33","","","","IntegrationTests.Services.MarkedServiceIntegrationTests","IntegrationTests.Services.MarkedServiceIntegrationTests.Delete_ShouldSucceed_WhenValidId","IntegrationTests.Services.MarkedServiceIntegrationTests.Delete_ShouldSucceed_WhenValidId",""
"passed","Tue Oct 22 21:35:30 GMT 2024","Tue Oct 22 21:35:30 GMT 2024","4","","","","UnitTests.Services.MarkedServiceTests","UnitTests.Services.MarkedServiceTests.Get_ShouldReturnMarkedModel_WhenValidModel","UnitTests.Services.MarkedServiceTests.Get_ShouldReturnMarkedModel_WhenValidModel",""
"passed","Tue Oct 22 21:36:13 GMT 2024","Tue Oct 22 21:36:13 GMT 2024","36","","","","IntegrationTests.Repositories.SchemeRepositoryIntegrationTests","IntegrationTests.Repositories.SchemeRepositoryIntegrationTests.TestGetExistingScheme","IntegrationTests.Repositories.SchemeRepositoryIntegrationTests.TestGetExistingScheme",""
"passed","Tue Oct 22 21:36:12 GMT 2024","Tue Oct 22 21:36:12 GMT 2024","33","","","","IntegrationTests.Repositories.MarkedRepositoryIntegrationTests","IntegrationTests.Repositories.MarkedRepositoryIntegrationTests.TestDeleteExistingMarked","IntegrationTests.Repositories.MarkedRepositoryIntegrationTests.TestDeleteExistingMarked",""
"passed","Tue Oct 22 21:35:30 GMT 2024","Tue Oct 22 21:35:30 GMT 2024","1","","","","UnitTests.Converters.BannedConverterUnitTests","UnitTests.Converters.BannedConverterUnitTests.TestConvertOkDbToCoreModel","UnitTests.Converters.BannedConverterUnitTests.TestConvertOkDbToCoreModel",""
"passed","Tue Oct 22 21:35:30 GMT 2024","Tue Oct 22 21:35:30 GMT 2024","3","","","","UnitTests.Services.LabelServiceUnitTests","UnitTests.Services.LabelServiceUnitTests.TestDeleteLabelThatDoesNotExist","UnitTests.Services.LabelServiceUnitTests.TestDeleteLabelThatDoesNotExist",""
"passed","Tue Oct 22 21:35:30 GMT 2024","Tue Oct 22 21:35:30 GMT 2024","2","","","","UnitTests.Services.LabelServiceUnitTests","UnitTests.Services.LabelServiceUnitTests.TestAddExistingLabel","UnitTests.Services.LabelServiceUnitTests.TestAddExistingLabel",""
"passed","Tue Oct 22 21:35:31 GMT 2024","Tue Oct 22 21:35:31 GMT 2024","6","","","","UnitTests.Repositories.MarkedRepositoryUnitTests","UnitTests.Repositories.MarkedRepositoryUnitTests.TestGetNonExistentMarked","UnitTests.Repositories.MarkedRepositoryUnitTests.TestGetNonExistentMarked",""
"passed","Tue Oct 22 21:36:13 GMT 2024","Tue Oct 22 21:36:13 GMT 2024","14","","","","IntegrationTests.Repositories.UserRepositoryIntegrationTests","IntegrationTests.Repositories.UserRepositoryIntegrationTests.TestGetUserByEmail","IntegrationTests.Repositories.UserRepositoryIntegrationTests.TestGetUserByEmail",""
"passed","Tue Oct 22 21:35:30 GMT 2024","Tue Oct 22 21:35:30 GMT 2024","7","","","","UnitTests.Services.LabelServiceUnitTests","UnitTests.Services.LabelServiceUnitTests.TestGetAllLabelsWhenNoLabelsExist","UnitTests.Services.LabelServiceUnitTests.TestGetAllLabelsWhenNoLabelsExist",""
"passed","Tue Oct 22 21:35:30 GMT 2024","Tue Oct 22 21:35:30 GMT 2024","1","","","","UnitTests.Repositories.UserRepositoryUnitTests","UnitTests.Repositories.UserRepositoryUnitTests.TestBanUser","UnitTests.Repositories.UserRepositoryUnitTests.TestBanUser",""
"passed","Tue Oct 22 21:35:30 GMT 2024","Tue Oct 22 21:35:30 GMT 2024","3","","","","UnitTests.Services.AuthServiceUnitTests","UnitTests.Services.AuthServiceUnitTests.TestRegisterUserWithShortUsername","UnitTests.Services.AuthServiceUnitTests.TestRegisterUserWithShortUsername",""
"passed","Tue Oct 22 21:36:14 GMT 2024","Tue Oct 22 21:36:14 GMT 2024","29","","","","IntegrationTests.Services.LabelServiceIntegrationTests","IntegrationTests.Services.LabelServiceIntegrationTests.TestAddNewLabel","IntegrationTests.Services.LabelServiceIntegrationTests.TestAddNewLabel",""
"passed","Tue Oct 22 21:36:15 GMT 2024","Tue Oct 22 21:36:15 GMT 2024","13","","","","IntegrationTests.Services.UserServiceIntegrationTests","IntegrationTests.Services.UserServiceIntegrationTests.UnbanUserIsNotBanned","IntegrationTests.Services.UserServiceIntegrationTests.UnbanUserIsNotBanned",""
"passed","Tue Oct 22 21:35:30 GMT 2024","Tue Oct 22 21:35:30 GMT 2024","11","","","","UnitTests.Repositories.DatasetRepositoryUnitTests","UnitTests.Repositories.DatasetRepositoryUnitTests.TestAddDatasetInNonEmptyTable","UnitTests.Repositories.DatasetRepositoryUnitTests.TestAddDatasetInNonEmptyTable",""
"passed","Tue Oct 22 21:36:14 GMT 2024","Tue Oct 22 21:36:14 GMT 2024","31","","","","IntegrationTests.Services.DatasetServiceIntegrationTests","IntegrationTests.Services.DatasetServiceIntegrationTests.TestAddDatasetWithOkTitle","IntegrationTests.Services.DatasetServiceIntegrationTests.TestAddDatasetWithOkTitle",""
"passed","Tue Oct 22 21:35:30 GMT 2024","Tue Oct 22 21:35:30 GMT 2024","4","","","","UnitTests.Services.UserServiceUnitTests","UnitTests.Services.UserServiceUnitTests.BanUserDoesNotExist","UnitTests.Services.UserServiceUnitTests.BanUserDoesNotExist",""
"passed","Tue Oct 22 21:35:31 GMT 2024","Tue Oct 22 21:35:31 GMT 2024","2","","","","UnitTests.Repositories.UserRepositoryUnitTests","UnitTests.Repositories.UserRepositoryUnitTests.TestIsBan","UnitTests.Repositories.UserRepositoryUnitTests.TestIsBan",""
"passed","Tue Oct 22 21:35:30 GMT 2024","Tue Oct 22 21:35:30 GMT 2024","28","","","","UnitTests.Repositories.MarkedRepositoryUnitTests","UnitTests.Repositories.MarkedRepositoryUnitTests.TestGetByNonExistentDatasetAndSchemeId","UnitTests.Repositories.MarkedRepositoryUnitTests.TestGetByNonExistentDatasetAndSchemeId",""
"passed","Tue Oct 22 21:35:31 GMT 2024","Tue Oct 22 21:35:31 GMT 2024","1","","","","UnitTests.Repositories.ImageRepositoryUnitTests","UnitTests.Repositories.ImageRepositoryUnitTests.TestAddImageInEmptyTable","UnitTests.Repositories.ImageRepositoryUnitTests.TestAddImageInEmptyTable",""
"passed","Tue Oct 22 21:35:31 GMT 2024","Tue Oct 22 21:35:31 GMT 2024","2","","","","UnitTests.Repositories.ImageRepositoryUnitTests","UnitTests.Repositories.ImageRepositoryUnitTests.TestGetNonExistentImage","UnitTests.Repositories.ImageRepositoryUnitTests.TestGetNonExistentImage",""
"passed","Tue Oct 22 21:36:12 GMT 2024","Tue Oct 22 21:36:12 GMT 2024","28","","","","IntegrationTests.Repositories.MarkedRepositoryIntegrationTests","IntegrationTests.Repositories.MarkedRepositoryIntegrationTests.TestUpdateNonExistentRects","IntegrationTests.Repositories.MarkedRepositoryIntegrationTests.TestUpdateNonExistentRects",""
"passed","Tue Oct 22 21:35:31 GMT 2024","Tue Oct 22 21:35:31 GMT 2024","3","","","","UnitTests.Repositories.SchemeRepositoryUnitTests","UnitTests.Repositories.SchemeRepositoryUnitTests.TestUpdateNonExistentScheme","UnitTests.Repositories.SchemeRepositoryUnitTests.TestUpdateNonExistentScheme",""
"passed","Tue Oct 22 21:35:30 GMT 2024","Tue Oct 22 21:35:30 GMT 2024","2","","","","UnitTests.Services.ReportServiceUnitTests","UnitTests.Services.ReportServiceUnitTests.TestCreateReportWithValidUserId","UnitTests.Services.ReportServiceUnitTests.TestCreateReportWithValidUserId",""
"passed","Tue Oct 22 21:36:13 GMT 2024","Tue Oct 22 21:36:13 GMT 2024","53","","","","IntegrationTests.Repositories.UserRepositoryIntegrationTests","IntegrationTests.Repositories.UserRepositoryIntegrationTests.TestUnbanUserNotFound","IntegrationTests.Repositories.UserRepositoryIntegrationTests.TestUnbanUserNotFound",""
"passed","Tue Oct 22 21:36:13 GMT 2024","Tue Oct 22 21:36:13 GMT 2024","18","","","","IntegrationTests.Repositories.UserRepositoryIntegrationTests","IntegrationTests.Repositories.UserRepositoryIntegrationTests.TestGetUserByEmailNotFound","IntegrationTests.Repositories.UserRepositoryIntegrationTests.TestGetUserByEmailNotFound",""
"passed","Tue Oct 22 21:35:30 GMT 2024","Tue Oct 22 21:35:30 GMT 2024","2","","","","UnitTests.Services.SchemeServiceUnitTests","UnitTests.Services.SchemeServiceUnitTests.TestAddSchemeWithValidData","UnitTests.Services.SchemeServiceUnitTests.TestAddSchemeWithValidData",""
"passed","Tue Oct 22 21:36:11 GMT 2024","Tue Oct 22 21:36:11 GMT 2024","18","","","","IntegrationTests.Repositories.DatasetRepositoryIntegrationTests","IntegrationTests.Repositories.DatasetRepositoryIntegrationTests.TestGetAllDataset","IntegrationTests.Repositories.DatasetRepositoryIntegrationTests.TestGetAllDataset",""
"passed","Tue Oct 22 21:35:30 GMT 2024","Tue Oct 22 21:35:30 GMT 2024","1","","","","UnitTests.Services.UserServiceUnitTests","UnitTests.Services.UserServiceUnitTests.GetUserByIDNonExistingUser","UnitTests.Services.UserServiceUnitTests.GetUserByIDNonExistingUser",""
"passed","Tue Oct 22 21:36:11 GMT 2024","Tue Oct 22 21:36:11 GMT 2024","67","","","","IntegrationTests.Repositories.LabelRepositoryIntegrationTests","IntegrationTests.Repositories.LabelRepositoryIntegrationTests.TestAddLabelInEmptyTable","IntegrationTests.Repositories.LabelRepositoryIntegrationTests.TestAddLabelInEmptyTable",""
"passed","Tue Oct 22 21:35:30 GMT 2024","Tue Oct 22 21:35:30 GMT 2024","1","","","","UnitTests.Services.UserServiceUnitTests","UnitTests.Services.UserServiceUnitTests.IsBannedUserIsNotBanned","UnitTests.Services.UserServiceUnitTests.IsBannedUserIsNotBanned",""
"passed","Tue Oct 22 21:35:31 GMT 2024","Tue Oct 22 21:35:31 GMT 2024","1","","","","UnitTests.Services.DatasetServiceUnitTests","UnitTests.Services.DatasetServiceUnitTests.TestWhichImageNotExists","UnitTests.Services.DatasetServiceUnitTests.TestWhichImageNotExists",""
"passed","Tue Oct 22 21:35:31 GMT 2024","Tue Oct 22 21:35:31 GMT 2024","2","","","","UnitTests.Repositories.MarkedRepositoryUnitTests","UnitTests.Repositories.MarkedRepositoryUnitTests.TestGetAllNoMarked","UnitTests.Repositories.MarkedRepositoryUnitTests.TestGetAllNoMarked",""
"passed","Tue Oct 22 21:35:31 GMT 2024","Tue Oct 22 21:35:31 GMT 2024","10","","","","UnitTests.Repositories.SchemeRepositoryUnitTests","UnitTests.Repositories.SchemeRepositoryUnitTests.TestGetExistingScheme","UnitTests.Repositories.SchemeRepositoryUnitTests.TestGetExistingScheme",""
"passed","Tue Oct 22 21:36:14 GMT 2024","Tue Oct 22 21:36:14 GMT 2024","18","","","","IntegrationTests.Services.ReportServiceIntegrationTests","IntegrationTests.Services.ReportServiceIntegrationTests.TestGetAllReportsWhenNoReportsExist","IntegrationTests.Services.ReportServiceIntegrationTests.TestGetAllReportsWhenNoReportsExist",""
"passed","Tue Oct 22 21:35:30 GMT 2024","Tue Oct 22 21:35:30 GMT 2024","1","","","","UnitTests.Services.ReportServiceUnitTests","UnitTests.Services.ReportServiceUnitTests.TestGetAllReportsWhenNoReportsExist","UnitTests.Services.ReportServiceUnitTests.TestGetAllReportsWhenNoReportsExist",""
"passed","Tue Oct 22 21:35:30 GMT 2024","Tue Oct 22 21:35:30 GMT 2024","1","","","","UnitTests.Converters.ImageConverterUnitTests","UnitTests.Converters.ImageConverterUnitTests.TestConvertOkCoreToDbModel","UnitTests.Converters.ImageConverterUnitTests.TestConvertOkCoreToDbModel",""
"passed","Tue Oct 22 21:35:30 GMT 2024","Tue Oct 22 21:35:30 GMT 2024","0","","","","UnitTests.Converters.BannedConverterUnitTests","UnitTests.Converters.BannedConverterUnitTests.TestConvertNullCoreToDbModel","UnitTests.Converters.BannedConverterUnitTests.TestConvertNullCoreToDbModel",""
"passed","Tue Oct 22 21:35:30 GMT 2024","Tue Oct 22 21:35:30 GMT 2024","3","","","","UnitTests.Services.LabelServiceUnitTests","UnitTests.Services.LabelServiceUnitTests.TestAddNewLabel","UnitTests.Services.LabelServiceUnitTests.TestAddNewLabel",""
"passed","Tue Oct 22 21:36:12 GMT 2024","Tue Oct 22 21:36:12 GMT 2024","17","","","","IntegrationTests.Repositories.ReportRepositoryIntegrationTests","IntegrationTests.Repositories.ReportRepositoryIntegrationTests.TestGetNoReports","IntegrationTests.Repositories.ReportRepositoryIntegrationTests.TestGetNoReports",""
"passed","Tue Oct 22 21:35:31 GMT 2024","Tue Oct 22 21:35:31 GMT 2024","8","","","","UnitTests.Services.DatasetServiceUnitTests","UnitTests.Services.DatasetServiceUnitTests.TestDeleteDatasetSuccessful","UnitTests.Services.DatasetServiceUnitTests.TestDeleteDatasetSuccessful",""
"passed","Tue Oct 22 21:36:14 GMT 2024","Tue Oct 22 21:36:14 GMT 2024","40","","","","IntegrationTests.Services.MarkedServiceIntegrationTests","IntegrationTests.Services.MarkedServiceIntegrationTests.GetAll_ShouldReturnNonBlockedMarkedModels_WhenAdminIdIsNotAdmin","IntegrationTests.Services.MarkedServiceIntegrationTests.GetAll_ShouldReturnNonBlockedMarkedModels_WhenAdminIdIsNotAdmin",""
"passed","Tue Oct 22 21:35:30 GMT 2024","Tue Oct 22 21:35:30 GMT 2024","3","","","","UnitTests.Repositories.UserRepositoryUnitTests","UnitTests.Repositories.UserRepositoryUnitTests.TestUpdateTokenUserNotFound","UnitTests.Repositories.UserRepositoryUnitTests.TestUpdateTokenUserNotFound",""
"passed","Tue Oct 22 21:35:30 GMT 2024","Tue Oct 22 21:35:30 GMT 2024","2","","","","UnitTests.Repositories.UserRepositoryUnitTests","UnitTests.Repositories.UserRepositoryUnitTests.TestGetUserByUsernameNotFound","UnitTests.Repositories.UserRepositoryUnitTests.TestGetUserByUsernameNotFound",""
"passed","Tue Oct 22 21:36:12 GMT 2024","Tue Oct 22 21:36:12 GMT 2024","63","","","","IntegrationTests.Repositories.MarkedRepositoryIntegrationTests","IntegrationTests.Repositories.MarkedRepositoryIntegrationTests.TestCreateMarkedWithoutAreas","IntegrationTests.Repositories.MarkedRepositoryIntegrationTests.TestCreateMarkedWithoutAreas",""
"passed","Tue Oct 22 21:35:31 GMT 2024","Tue Oct 22 21:35:31 GMT 2024","6","","","","UnitTests.Repositories.MarkedRepositoryUnitTests","UnitTests.Repositories.MarkedRepositoryUnitTests.TestCreateMarkedWithAreas","UnitTests.Repositories.MarkedRepositoryUnitTests.TestCreateMarkedWithAreas",""
"passed","Tue Oct 22 21:35:30 GMT 2024","Tue Oct 22 21:35:30 GMT 2024","37","","","","UnitTests.Services.AuthServiceUnitTests","UnitTests.Services.AuthServiceUnitTests.TestUpdateTokenWithValidTokens","UnitTests.Services.AuthServiceUnitTests.TestUpdateTokenWithValidTokens",""
"passed","Tue Oct 22 21:36:14 GMT 2024","Tue Oct 22 21:36:14 GMT 2024","25","","","","IntegrationTests.Services.LabelServiceIntegrationTests","IntegrationTests.Services.LabelServiceIntegrationTests.TestDeleteExistingLabel","IntegrationTests.Services.LabelServiceIntegrationTests.TestDeleteExistingLabel",""
"passed","Tue Oct 22 21:36:14 GMT 2024","Tue Oct 22 21:36:14 GMT 2024","18","","","","IntegrationTests.Services.LabelServiceIntegrationTests","IntegrationTests.Services.LabelServiceIntegrationTests.TestDeleteLabelThatDoesNotExist","IntegrationTests.Services.LabelServiceIntegrationTests.TestDeleteLabelThatDoesNotExist",""
"passed","Tue Oct 22 21:35:30 GMT 2024","Tue Oct 22 21:35:30 GMT 2024","4","","","","UnitTests.Converters.AreaConverterUnitTests","UnitTests.Converters.AreaConverterUnitTests.TestConvertNullCoreToDbModel","UnitTests.Converters.AreaConverterUnitTests.TestConvertNullCoreToDbModel",""
"passed","Tue Oct 22 21:35:30 GMT 2024","Tue Oct 22 21:35:30 GMT 2024","3","","","","UnitTests.Converters.ReportConverterUnitTests","UnitTests.Converters.ReportConverterUnitTests.TestConvertOkDbToCoreModel","UnitTests.Converters.ReportConverterUnitTests.TestConvertOkDbToCoreModel",""
"passed","Tue Oct 22 21:36:12 GMT 2024","Tue Oct 22 21:36:12 GMT 2024","34","","","","IntegrationTests.Repositories.MarkedRepositoryIntegrationTests","IntegrationTests.Repositories.MarkedRepositoryIntegrationTests.TestGetByDatasetAndSchemeId","IntegrationTests.Repositories.MarkedRepositoryIntegrationTests.TestGetByDatasetAndSchemeId",""
"passed","Tue Oct 22 21:36:13 GMT 2024","Tue Oct 22 21:36:13 GMT 2024","71","","","","IntegrationTests.Repositories.SchemeRepositoryIntegrationTests","IntegrationTests.Repositories.SchemeRepositoryIntegrationTests.TestUpdateNonExistentScheme","IntegrationTests.Repositories.SchemeRepositoryIntegrationTests.TestUpdateNonExistentScheme",""
"passed","Tue Oct 22 21:35:30 GMT 2024","Tue Oct 22 21:35:30 GMT 2024","2","","","","UnitTests.Services.MarkedServiceTests","UnitTests.Services.MarkedServiceTests.GetAll_ShouldReturnAllMarkedModels_WhenAdminIdIsAdmin","UnitTests.Services.MarkedServiceTests.GetAll_ShouldReturnAllMarkedModels_WhenAdminIdIsAdmin",""
"passed","Tue Oct 22 21:35:30 GMT 2024","Tue Oct 22 21:35:30 GMT 2024","1","","","","UnitTests.Services.SchemeServiceUnitTests","UnitTests.Services.SchemeServiceUnitTests.TestUpdateSchemeWithNoLabels","UnitTests.Services.SchemeServiceUnitTests.TestUpdateSchemeWithNoLabels",""
"passed","Tue Oct 22 21:36:15 GMT 2024","Tue Oct 22 21:36:15 GMT 2024","10","","","","IntegrationTests.Services.UserServiceIntegrationTests","IntegrationTests.Services.UserServiceIntegrationTests.GetUserByIDNonExistingUser","IntegrationTests.Services.UserServiceIntegrationTests.GetUserByIDNonExistingUser",""
"passed","Tue Oct 22 21:35:30 GMT 2024","Tue Oct 22 21:35:30 GMT 2024","7","","","","UnitTests.Repositories.MarkedRepositoryUnitTests","UnitTests.Repositories.MarkedRepositoryUnitTests.TestUpdateBlock","UnitTests.Repositories.MarkedRepositoryUnitTests.TestUpdateBlock",""
"passed","Tue Oct 22 21:35:30 GMT 2024","Tue Oct 22 21:35:30 GMT 2024","6","","","","UnitTests.Services.LabelServiceUnitTests","UnitTests.Services.LabelServiceUnitTests.TestDeleteLabelAssociatedWithScheme","UnitTests.Services.LabelServiceUnitTests.TestDeleteLabelAssociatedWithScheme",""
"passed","Tue Oct 22 21:35:31 GMT 2024","Tue Oct 22 21:35:31 GMT 2024","2","","","","UnitTests.Repositories.UserRepositoryUnitTests","UnitTests.Repositories.UserRepositoryUnitTests.TestUnbanUser","UnitTests.Repositories.UserRepositoryUnitTests.TestUnbanUser",""
"passed","Tue Oct 22 21:35:31 GMT 2024","Tue Oct 22 21:35:31 GMT 2024","1","","","","UnitTests.Services.DatasetServiceUnitTests","UnitTests.Services.DatasetServiceUnitTests.TestGetDatasetWithNonExistingId","UnitTests.Services.DatasetServiceUnitTests.TestGetDatasetWithNonExistingId",""
"passed","Tue Oct 22 21:36:13 GMT 2024","Tue Oct 22 21:36:13 GMT 2024","43","","","","IntegrationTests.Repositories.SchemeRepositoryIntegrationTests","IntegrationTests.Repositories.SchemeRepositoryIntegrationTests.TestAddSchemeWithoutLabels","IntegrationTests.Repositories.SchemeRepositoryIntegrationTests.TestAddSchemeWithoutLabels",""
"passed","Tue Oct 22 21:36:12 GMT 2024","Tue Oct 22 21:36:12 GMT 2024","23","","","","IntegrationTests.Repositories.MarkedRepositoryIntegrationTests","IntegrationTests.Repositories.MarkedRepositoryIntegrationTests.TestDeleteNonExistentMarked","IntegrationTests.Repositories.MarkedRepositoryIntegrationTests.TestDeleteNonExistentMarked",""
"passed","Tue Oct 22 21:36:11 GMT 2024","Tue Oct 22 21:36:11 GMT 2024","23","","","","IntegrationTests.Repositories.ImageRepositoryIntegrationTests","IntegrationTests.Repositories.ImageRepositoryIntegrationTests.TestAddImageInEmptyTable","IntegrationTests.Repositories.ImageRepositoryIntegrationTests.TestAddImageInEmptyTable",""
"passed","Tue Oct 22 21:36:13 GMT 2024","Tue Oct 22 21:36:13 GMT 2024","25","","","","IntegrationTests.Repositories.UserRepositoryIntegrationTests","IntegrationTests.Repositories.UserRepositoryIntegrationTests.TestAddUserInNonEmptyTable","IntegrationTests.Repositories.UserRepositoryIntegrationTests.TestAddUserInNonEmptyTable",""
"passed","Tue Oct 22 21:35:30 GMT 2024","Tue Oct 22 21:35:30 GMT 2024","0","","","","UnitTests.Converters.AreaConverterUnitTests","UnitTests.Converters.AreaConverterUnitTests.TestConvertNullDbToCoreModel","UnitTests.Converters.AreaConverterUnitTests.TestConvertNullDbToCoreModel",""
"passed","Tue Oct 22 21:36:12 GMT 2024","Tue Oct 22 21:36:13 GMT 2024","22","","","","IntegrationTests.Repositories.ReportRepositoryIntegrationTests","IntegrationTests.Repositories.ReportRepositoryIntegrationTests.TestGetAllReports","IntegrationTests.Repositories.ReportRepositoryIntegrationTests.TestGetAllReports",""
"passed","Tue Oct 22 21:36:13 GMT 2024","Tue Oct 22 21:36:13 GMT 2024","21","","","","IntegrationTests.Repositories.UserRepositoryIntegrationTests","IntegrationTests.Repositories.UserRepositoryIntegrationTests.TestDoubleBanUser","IntegrationTests.Repositories.UserRepositoryIntegrationTests.TestDoubleBanUser",""
"passed","Tue Oct 22 21:35:31 GMT 2024","Tue Oct 22 21:35:31 GMT 2024","3","","","","UnitTests.Repositories.MarkedRepositoryUnitTests","UnitTests.Repositories.MarkedRepositoryUnitTests.TestDeleteNonExistentMarked","UnitTests.Repositories.MarkedRepositoryUnitTests.TestDeleteNonExistentMarked",""
"passed","Tue Oct 22 21:35:30 GMT 2024","Tue Oct 22 21:35:30 GMT 2024","3","","","","UnitTests.Repositories.MarkedRepositoryUnitTests","UnitTests.Repositories.MarkedRepositoryUnitTests.TestUpdateNonExistentRects","UnitTests.Repositories.MarkedRepositoryUnitTests.TestUpdateNonExistentRects",""
"passed","Tue Oct 22 21:36:13 GMT 2024","Tue Oct 22 21:36:13 GMT 2024","22","","","","IntegrationTests.Repositories.SchemeRepositoryIntegrationTests","IntegrationTests.Repositories.SchemeRepositoryIntegrationTests.TestDeleteExistingScheme","IntegrationTests.Repositories.SchemeRepositoryIntegrationTests.TestDeleteExistingScheme",""
"passed","Tue Oct 22 21:36:14 GMT 2024","Tue Oct 22 21:36:14 GMT 2024","29","","","","IntegrationTests.Services.DatasetServiceIntegrationTests","IntegrationTests.Services.DatasetServiceIntegrationTests.TestGetAllDatasetsWhenNoDatasetsAvailable","IntegrationTests.Services.DatasetServiceIntegrationTests.TestGetAllDatasetsWhenNoDatasetsAvailable",""
"passed","Tue Oct 22 21:35:31 GMT 2024","Tue Oct 22 21:35:31 GMT 2024","0","","","","UnitTests.Converters.SchemeConverterUnitTests","UnitTests.Converters.SchemeConverterUnitTests.TestConvertOkCoreToDbModel","UnitTests.Converters.SchemeConverterUnitTests.TestConvertOkCoreToDbModel",""
"passed","Tue Oct 22 21:35:31 GMT 2024","Tue Oct 22 21:35:31 GMT 2024","3","","","","UnitTests.Repositories.UserRepositoryUnitTests","UnitTests.Repositories.UserRepositoryUnitTests.TestUnbanUserByBanId","UnitTests.Repositories.UserRepositoryUnitTests.TestUnbanUserByBanId",""
"passed","Tue Oct 22 21:36:13 GMT 2024","Tue Oct 22 21:36:13 GMT 2024","22","","","","IntegrationTests.Repositories.UserRepositoryIntegrationTests","IntegrationTests.Repositories.UserRepositoryIntegrationTests.TestAddUserInEmptyTable","IntegrationTests.Repositories.UserRepositoryIntegrationTests.TestAddUserInEmptyTable",""
"passed","Tue Oct 22 21:35:30 GMT 2024","Tue Oct 22 21:35:30 GMT 2024","13","","","","UnitTests.Converters.AreaConverterUnitTests","UnitTests.Converters.AreaConverterUnitTests.TestConvertOkDbToCoreModel","UnitTests.Converters.AreaConverterUnitTests.TestConvertOkDbToCoreModel",""
"passed","Tue Oct 22 21:35:30 GMT 2024","Tue Oct 22 21:35:30 GMT 2024","1","","","","UnitTests.Services.SchemeServiceUnitTests","UnitTests.Services.SchemeServiceUnitTests.TestUpdateSchemeWithNonExistingId","UnitTests.Services.SchemeServiceUnitTests.TestUpdateSchemeWithNonExistingId",""
"passed","Tue Oct 22 21:35:30 GMT 2024","Tue Oct 22 21:35:30 GMT 2024","1","","","","UnitTests.Converters.ReportConverterUnitTests","UnitTests.Converters.ReportConverterUnitTests.TestConvertNullDbToCoreModel","UnitTests.Converters.ReportConverterUnitTests.TestConvertNullDbToCoreModel",""
"passed","Tue Oct 22 21:36:15 GMT 2024","Tue Oct 22 21:36:15 GMT 2024","30","","","","IntegrationTests.Services.SchemeServiceIntegrationTests","IntegrationTests.Services.SchemeServiceIntegrationTests.TestDeleteSchemeSuccessfully","IntegrationTests.Services.SchemeServiceIntegrationTests.TestDeleteSchemeSuccessfully",""
"passed","Tue Oct 22 21:35:31 GMT 2024","Tue Oct 22 21:35:31 GMT 2024","12","","","","UnitTests.Repositories.MarkedRepositoryUnitTests","UnitTests.Repositories.MarkedRepositoryUnitTests.TestGetAll","UnitTests.Repositories.MarkedRepositoryUnitTests.TestGetAll",""
"passed","Tue Oct 22 21:36:13 GMT 2024","Tue Oct 22 21:36:13 GMT 2024","20","","","","IntegrationTests.Repositories.UserRepositoryIntegrationTests","IntegrationTests.Repositories.UserRepositoryIntegrationTests.TestGetUserByUsername","IntegrationTests.Repositories.UserRepositoryIntegrationTests.TestGetUserByUsername",""
"passed","Tue Oct 22 21:36:14 GMT 2024","Tue Oct 22 21:36:14 GMT 2024","29","","","","IntegrationTests.Services.SchemeServiceIntegrationTests","IntegrationTests.Services.SchemeServiceIntegrationTests.TestAddSchemeWithValidData","IntegrationTests.Services.SchemeServiceIntegrationTests.TestAddSchemeWithValidData",""
"passed","Tue Oct 22 21:36:14 GMT 2024","Tue Oct 22 21:36:15 GMT 2024","14","","","","IntegrationTests.Services.SchemeServiceIntegrationTests","IntegrationTests.Services.SchemeServiceIntegrationTests.TestGetAllSchemesWhenNoSchemesAvailable","IntegrationTests.Services.SchemeServiceIntegrationTests.TestGetAllSchemesWhenNoSchemesAvailable",""
"passed","Tue Oct 22 21:35:30 GMT 2024","Tue Oct 22 21:35:30 GMT 2024","36","","","","UnitTests.Services.ReportServiceUnitTests","UnitTests.Services.ReportServiceUnitTests.TestGetAllReportsWhenReportsExist","UnitTests.Services.ReportServiceUnitTests.TestGetAllReportsWhenReportsExist",""
"passed","Tue Oct 22 21:36:13 GMT 2024","Tue Oct 22 21:36:13 GMT 2024","22","","","","IntegrationTests.Repositories.UserRepositoryIntegrationTests","IntegrationTests.Repositories.UserRepositoryIntegrationTests.TestGetAllUsers","IntegrationTests.Repositories.UserRepositoryIntegrationTests.TestGetAllUsers",""
"passed","Tue Oct 22 21:35:30 GMT 2024","Tue Oct 22 21:35:30 GMT 2024","2","","","","UnitTests.Services.UserServiceUnitTests","UnitTests.Services.UserServiceUnitTests.UnbanUserIsBanned","UnitTests.Services.UserServiceUnitTests.UnbanUserIsBanned",""
"passed","Tue Oct 22 21:35:30 GMT 2024","Tue Oct 22 21:35:30 GMT 2024","2","","","","UnitTests.Services.MarkedServiceTests","UnitTests.Services.MarkedServiceTests.Update_Rects_ShouldThrowException_WhenUpdateFails","UnitTests.Services.MarkedServiceTests.Update_Rects_ShouldThrowException_WhenUpdateFails",""
"passed","Tue Oct 22 21:35:31 GMT 2024","Tue Oct 22 21:35:31 GMT 2024","2","","","","UnitTests.Repositories.UserRepositoryUnitTests","UnitTests.Repositories.UserRepositoryUnitTests.TestUpdateToken","UnitTests.Repositories.UserRepositoryUnitTests.TestUpdateToken",""
"passed","Tue Oct 22 21:35:30 GMT 2024","Tue Oct 22 21:35:30 GMT 2024","1","","","","UnitTests.Services.UserServiceUnitTests","UnitTests.Services.UserServiceUnitTests.GetUserByIDExistingUser","UnitTests.Services.UserServiceUnitTests.GetUserByIDExistingUser",""
"passed","Tue Oct 22 21:35:31 GMT 2024","Tue Oct 22 21:35:31 GMT 2024","3","","","","UnitTests.Repositories.UserRepositoryUnitTests","UnitTests.Repositories.UserRepositoryUnitTests.TestGetAllUsersNoAdmin","UnitTests.Repositories.UserRepositoryUnitTests.TestGetAllUsersNoAdmin",""
"passed","Tue Oct 22 21:35:31 GMT 2024","Tue Oct 22 21:35:31 GMT 2024","5","","","","UnitTests.Repositories.UserRepositoryUnitTests","UnitTests.Repositories.UserRepositoryUnitTests.TestGetUserByEmail","UnitTests.Repositories.UserRepositoryUnitTests.TestGetUserByEmail",""
"passed","Tue Oct 22 21:36:11 GMT 2024","Tue Oct 22 21:36:11 GMT 2024","52","","","","IntegrationTests.Repositories.DatasetRepositoryIntegrationTests","IntegrationTests.Repositories.DatasetRepositoryIntegrationTests.TestDeleteExistingDataset","IntegrationTests.Repositories.DatasetRepositoryIntegrationTests.TestDeleteExistingDataset",""
"passed","Tue Oct 22 21:35:30 GMT 2024","Tue Oct 22 21:35:30 GMT 2024","2","","","","UnitTests.Services.LabelServiceUnitTests","UnitTests.Services.LabelServiceUnitTests.TestDeleteExistingLabel","UnitTests.Services.LabelServiceUnitTests.TestDeleteExistingLabel",""
"passed","Tue Oct 22 21:36:14 GMT 2024","Tue Oct 22 21:36:14 GMT 2024","17","","","","IntegrationTests.Services.LabelServiceIntegrationTests","IntegrationTests.Services.LabelServiceIntegrationTests.TestGetAllLabelsWhenNoLabelsExist","IntegrationTests.Services.LabelServiceIntegrationTests.TestGetAllLabelsWhenNoLabelsExist",""
"passed","Tue Oct 22 21:35:31 GMT 2024","Tue Oct 22 21:35:31 GMT 2024","1","","","","UnitTests.Converters.DatasetConverterUnitTests","UnitTests.Converters.DatasetConverterUnitTests.TestConvertNullDbToCoreModel","UnitTests.Converters.DatasetConverterUnitTests.TestConvertNullDbToCoreModel",""
"passed","Tue Oct 22 21:35:30 GMT 2024","Tue Oct 22 21:35:30 GMT 2024","5","","","","UnitTests.Repositories.UserRepositoryUnitTests","UnitTests.Repositories.UserRepositoryUnitTests.TestGetAllUsers","UnitTests.Repositories.UserRepositoryUnitTests.TestGetAllUsers",""
"passed","Tue Oct 22 21:35:31 GMT 2024","Tue Oct 22 21:35:31 GMT 2024","6","","","","UnitTests.Repositories.MarkedRepositoryUnitTests","UnitTests.Repositories.MarkedRepositoryUnitTests.TestGetByDatasetAndSchemeId","UnitTests.Repositories.MarkedRepositoryUnitTests.TestGetByDatasetAndSchemeId",""
"passed","Tue Oct 22 21:36:14 GMT 2024","Tue Oct 22 21:36:14 GMT 2024","28","","","","IntegrationTests.Services.LabelServiceIntegrationTests","IntegrationTests.Services.LabelServiceIntegrationTests.TestDeleteLabelAssociatedWithScheme","IntegrationTests.Services.LabelServiceIntegrationTests.TestDeleteLabelAssociatedWithScheme",""
"passed","Tue Oct 22 21:36:15 GMT 2024","Tue Oct 22 21:36:15 GMT 2024","26","","","","IntegrationTests.Services.SchemeServiceIntegrationTests","IntegrationTests.Services.SchemeServiceIntegrationTests.TestGetAllSchemes","IntegrationTests.Services.SchemeServiceIntegrationTests.TestGetAllSchemes",""
"passed","Tue Oct 22 21:36:14 GMT 2024","Tue Oct 22 21:36:14 GMT 2024","16","","","","IntegrationTests.Services.AuthServiceIntegrationTests","IntegrationTests.Services.AuthServiceIntegrationTests.TestLoginUserWithValidCredentials","IntegrationTests.Services.AuthServiceIntegrationTests.TestLoginUserWithValidCredentials",""
"passed","Tue Oct 22 21:35:31 GMT 2024","Tue Oct 22 21:35:31 GMT 2024","1","","","","UnitTests.Converters.DatasetConverterUnitTests","UnitTests.Converters.DatasetConverterUnitTests.TestConvertOkCoreToDbModel","UnitTests.Converters.DatasetConverterUnitTests.TestConvertOkCoreToDbModel",""
"passed","Tue Oct 22 21:36:14 GMT 2024","Tue Oct 22 21:36:14 GMT 2024","32","","","","IntegrationTests.Services.LabelServiceIntegrationTests","IntegrationTests.Services.LabelServiceIntegrationTests.TestAddExistingLabel","IntegrationTests.Services.LabelServiceIntegrationTests.TestAddExistingLabel",""
"passed","Tue Oct 22 21:35:31 GMT 2024","Tue Oct 22 21:35:31 GMT 2024","3","","","","UnitTests.Repositories.MarkedRepositoryUnitTests","UnitTests.Repositories.MarkedRepositoryUnitTests.TestDeleteExistingMarked","UnitTests.Repositories.MarkedRepositoryUnitTests.TestDeleteExistingMarked",""
"passed","Tue Oct 22 21:36:11 GMT 2024","Tue Oct 22 21:36:11 GMT 2024","33","","","","IntegrationTests.Repositories.ImageRepositoryIntegrationTests","IntegrationTests.Repositories.ImageRepositoryIntegrationTests.TestGetExistingImage","IntegrationTests.Repositories.ImageRepositoryIntegrationTests.TestGetExistingImage",""
"passed","Tue Oct 22 21:35:30 GMT 2024","Tue Oct 22 21:35:30 GMT 2024","5","","","","UnitTests.Services.SchemeServiceUnitTests","UnitTests.Services.SchemeServiceUnitTests.TestDeleteSchemeSuccessfully","UnitTests.Services.SchemeServiceUnitTests.TestDeleteSchemeSuccessfully",""
"passed","Tue Oct 22 21:35:30 GMT 2024","Tue Oct 22 21:35:30 GMT 2024","1","","","","UnitTests.Repositories.LabelRepositoryUnitTests","UnitTests.Repositories.LabelRepositoryUnitTests.TestGetNoLabels","UnitTests.Repositories.LabelRepositoryUnitTests.TestGetNoLabels",""
"passed","Tue Oct 22 21:35:30 GMT 2024","Tue Oct 22 21:35:30 GMT 2024","12","","","","UnitTests.Repositories.DatasetRepositoryUnitTests","UnitTests.Repositories.DatasetRepositoryUnitTests.TestGetExistingDataset","UnitTests.Repositories.DatasetRepositoryUnitTests.TestGetExistingDataset",""
"passed","Tue Oct 22 21:36:12 GMT 2024","Tue Oct 22 21:36:12 GMT 2024","63","","","","IntegrationTests.Repositories.MarkedRepositoryIntegrationTests","IntegrationTests.Repositories.MarkedRepositoryIntegrationTests.TestGetAllNoMarked","IntegrationTests.Repositories.MarkedRepositoryIntegrationTests.TestGetAllNoMarked",""
"passed","Tue Oct 22 21:36:15 GMT 2024","Tue Oct 22 21:36:15 GMT 2024","16","","","","IntegrationTests.Services.UserServiceIntegrationTests","IntegrationTests.Services.UserServiceIntegrationTests.UnbanByBanIdUserIsBanned","IntegrationTests.Services.UserServiceIntegrationTests.UnbanByBanIdUserIsBanned",""
"passed","Tue Oct 22 21:35:31 GMT 2024","Tue Oct 22 21:35:31 GMT 2024","12","","","","UnitTests.Repositories.SchemeRepositoryUnitTests","UnitTests.Repositories.SchemeRepositoryUnitTests.TestGetAllSchemes","UnitTests.Repositories.SchemeRepositoryUnitTests.TestGetAllSchemes",""
"passed","Tue Oct 22 21:35:30 GMT 2024","Tue Oct 22 21:35:30 GMT 2024","1","","","","UnitTests.Services.MarkedServiceTests","UnitTests.Services.MarkedServiceTests.Update_Block_ShouldThrowException_WhenUserIsNotAdmin","UnitTests.Services.MarkedServiceTests.Update_Block_ShouldThrowException_WhenUserIsNotAdmin",""
"passed","Tue Oct 22 21:35:30 GMT 2024","Tue Oct 22 21:35:30 GMT 2024","1","","","","UnitTests.Services.SchemeServiceUnitTests","UnitTests.Services.SchemeServiceUnitTests.TestGetAllSchemesWhenNoSchemesAvailable","UnitTests.Services.SchemeServiceUnitTests.TestGetAllSchemesWhenNoSchemesAvailable",""
"passed","Tue Oct 22 21:36:10 GMT 2024","Tue Oct 22 21:36:11 GMT 2024","503","","","","IntegrationTests.Repositories.DatasetRepositoryIntegrationTests","IntegrationTests.Repositories.DatasetRepositoryIntegrationTests.TestAddDatasetInEmptyTable","IntegrationTests.Repositories.DatasetRepositoryIntegrationTests.TestAddDatasetInEmptyTable",""
"passed","Tue Oct 22 21:36:13 GMT 2024","Tue Oct 22 21:36:13 GMT 2024","17","","","","IntegrationTests.Repositories.SchemeRepositoryIntegrationTests","IntegrationTests.Repositories.SchemeRepositoryIntegrationTests.TestGetNonExistentScheme","IntegrationTests.Repositories.SchemeRepositoryIntegrationTests.TestGetNonExistentScheme",""
"passed","Tue Oct 22 21:35:31 GMT 2024","Tue Oct 22 21:35:31 GMT 2024","2","","","","UnitTests.Repositories.SchemeRepositoryUnitTests","UnitTests.Repositories.SchemeRepositoryUnitTests.TestDeleteNonExistentScheme","UnitTests.Repositories.SchemeRepositoryUnitTests.TestDeleteNonExistentScheme",""
"passed","Tue Oct 22 21:35:31 GMT 2024","Tue Oct 22 21:35:31 GMT 2024","46","","","","UnitTests.Repositories.MarkedRepositoryUnitTests","UnitTests.Repositories.MarkedRepositoryUnitTests.TestGetByNonExistentDatasetId","UnitTests.Repositories.MarkedRepositoryUnitTests.TestGetByNonExistentDatasetId",""
"passed","Tue Oct 22 21:35:31 GMT 2024","Tue Oct 22 21:35:31 GMT 2024","1","","","","UnitTests.Repositories.ReportRepositoryUnitTests","UnitTests.Repositories.ReportRepositoryUnitTests.TestCreateReportInNonEmptyTable","UnitTests.Repositories.ReportRepositoryUnitTests.TestCreateReportInNonEmptyTable",""
"passed","Tue Oct 22 21:35:30 GMT 2024","Tue Oct 22 21:35:30 GMT 2024","2","","","","UnitTests.Repositories.DatasetRepositoryUnitTests","UnitTests.Repositories.DatasetRepositoryUnitTests.TestDeleteExistingDataset","UnitTests.Repositories.DatasetRepositoryUnitTests.TestDeleteExistingDataset",""
"passed","Tue Oct 22 21:36:13 GMT 2024","Tue Oct 22 21:36:13 GMT 2024","52","","","","IntegrationTests.Repositories.UserRepositoryIntegrationTests","IntegrationTests.Repositories.UserRepositoryIntegrationTests.TestUpdateTokenUserNotFound","IntegrationTests.Repositories.UserRepositoryIntegrationTests.TestUpdateTokenUserNotFound",""
"passed","Tue Oct 22 21:36:14 GMT 2024","Tue Oct 22 21:36:14 GMT 2024","23","","","","IntegrationTests.Services.DatasetServiceIntegrationTests","IntegrationTests.Services.DatasetServiceIntegrationTests.TestDeleteDatasetSuccessful","IntegrationTests.Services.DatasetServiceIntegrationTests.TestDeleteDatasetSuccessful",""
"passed","Tue Oct 22 21:36:11 GMT 2024","Tue Oct 22 21:36:11 GMT 2024","40","","","","IntegrationTests.Repositories.DatasetRepositoryIntegrationTests","IntegrationTests.Repositories.DatasetRepositoryIntegrationTests.TestAddDatasetInNonEmptyTable","IntegrationTests.Repositories.DatasetRepositoryIntegrationTests.TestAddDatasetInNonEmptyTable",""
"passed","Tue Oct 22 21:35:30 GMT 2024","Tue Oct 22 21:35:30 GMT 2024","0","","","","UnitTests.Converters.MarkedConverterUnitTests","UnitTests.Converters.MarkedConverterUnitTests.TestConvertNullDbToCoreModel","UnitTests.Converters.MarkedConverterUnitTests.TestConvertNullDbToCoreModel",""
"passed","Tue Oct 22 21:35:31 GMT 2024","Tue Oct 22 21:35:31 GMT 2024","10","","","","UnitTests.Repositories.SchemeRepositoryUnitTests","UnitTests.Repositories.SchemeRepositoryUnitTests.TestAddSchemeWithLabels","UnitTests.Repositories.SchemeRepositoryUnitTests.TestAddSchemeWithLabels",""
"passed","Tue Oct 22 21:36:11 GMT 2024","Tue Oct 22 21:36:11 GMT 2024","23","","","","IntegrationTests.Repositories.DatasetRepositoryIntegrationTests","IntegrationTests.Repositories.DatasetRepositoryIntegrationTests.TestDeleteNonExistentDataset","IntegrationTests.Repositories.DatasetRepositoryIntegrationTests.TestDeleteNonExistentDataset",""
"passed","Tue Oct 22 21:36:14 GMT 2024","Tue Oct 22 21:36:14 GMT 2024","23","","","","IntegrationTests.Services.ReportServiceIntegrationTests","IntegrationTests.Services.ReportServiceIntegrationTests.TestCreateReportWithInvalidUserId","IntegrationTests.Services.ReportServiceIntegrationTests.TestCreateReportWithInvalidUserId",""
"passed","Tue Oct 22 21:35:31 GMT 2024","Tue Oct 22 21:35:31 GMT 2024","7","","","","UnitTests.Repositories.SchemeRepositoryUnitTests","UnitTests.Repositories.SchemeRepositoryUnitTests.TestGetAllSchemesEmpty","UnitTests.Repositories.SchemeRepositoryUnitTests.TestGetAllSchemesEmpty",""
"passed","Tue Oct 22 21:36:12 GMT 2024","Tue Oct 22 21:36:12 GMT 2024","187","","","","IntegrationTests.Repositories.MarkedRepositoryIntegrationTests","IntegrationTests.Repositories.MarkedRepositoryIntegrationTests.TestUpdateRects","IntegrationTests.Repositories.MarkedRepositoryIntegrationTests.TestUpdateRects",""
"passed","Tue Oct 22 21:35:30 GMT 2024","Tue Oct 22 21:35:30 GMT 2024","0","","","","UnitTests.Converters.LabelConverterUnitTests","UnitTests.Converters.LabelConverterUnitTests.TestConvertNullCoreToDbModel","UnitTests.Converters.LabelConverterUnitTests.TestConvertNullCoreToDbModel",""
"passed","Tue Oct 22 21:36:11 GMT 2024","Tue Oct 22 21:36:11 GMT 2024","22","","","","IntegrationTests.Repositories.ImageRepositoryIntegrationTests","IntegrationTests.Repositories.ImageRepositoryIntegrationTests.TestGetNonExistentImage","IntegrationTests.Repositories.ImageRepositoryIntegrationTests.TestGetNonExistentImage",""
"passed","Tue Oct 22 21:36:13 GMT 2024","Tue Oct 22 21:36:13 GMT 2024","29","","","","IntegrationTests.Repositories.UserRepositoryIntegrationTests","IntegrationTests.Repositories.UserRepositoryIntegrationTests.TestBanUser","IntegrationTests.Repositories.UserRepositoryIntegrationTests.TestBanUser",""
"passed","Tue Oct 22 21:35:31 GMT 2024","Tue Oct 22 21:35:31 GMT 2024","2","","","","UnitTests.Repositories.ImageRepositoryUnitTests","UnitTests.Repositories.ImageRepositoryUnitTests.TestGetExistingImage","UnitTests.Repositories.ImageRepositoryUnitTests.TestGetExistingImage",""
"passed","Tue Oct 22 21:35:30 GMT 2024","Tue Oct 22 21:35:30 GMT 2024","2","","","","UnitTests.Converters.MarkedConverterUnitTests","UnitTests.Converters.MarkedConverterUnitTests.TestConvertOkCoreToDbModel","UnitTests.Converters.MarkedConverterUnitTests.TestConvertOkCoreToDbModel",""
"passed","Tue Oct 22 21:35:31 GMT 2024","Tue Oct 22 21:35:31 GMT 2024","0","","","","UnitTests.Converters.UserConverterUnitTests","UnitTests.Converters.UserConverterUnitTests.TestConvertOkCoreToDbModel","UnitTests.Converters.UserConverterUnitTests.TestConvertOkCoreToDbModel",""
"passed","Tue Oct 22 21:35:30 GMT 2024","Tue Oct 22 21:35:30 GMT 2024","5","","","","UnitTests.Repositories.LabelRepositoryUnitTests","UnitTests.Repositories.LabelRepositoryUnitTests.TestAddLabelInEmptyTable","UnitTests.Repositories.LabelRepositoryUnitTests.TestAddLabelInEmptyTable",""
"passed","Tue Oct 22 21:36:11 GMT 2024","Tue Oct 22 21:36:11 GMT 2024","34","","","","IntegrationTests.Repositories.LabelRepositoryIntegrationTests","IntegrationTests.Repositories.LabelRepositoryIntegrationTests.TestDeleteNonExistentLabel","IntegrationTests.Repositories.LabelRepositoryIntegrationTests.TestDeleteNonExistentLabel",""
"passed","Tue Oct 22 21:36:13 GMT 2024","Tue Oct 22 21:36:13 GMT 2024","9","","","","IntegrationTests.Repositories.UserRepositoryIntegrationTests","IntegrationTests.Repositories.UserRepositoryIntegrationTests.TestIsBanNotFound","IntegrationTests.Repositories.UserRepositoryIntegrationTests.TestIsBanNotFound",""
"passed","Tue Oct 22 21:36:14 GMT 2024","Tue Oct 22 21:36:14 GMT 2024","19","","","","IntegrationTests.Services.DatasetServiceIntegrationTests","IntegrationTests.Services.DatasetServiceIntegrationTests.TestGetAllDatasets","IntegrationTests.Services.DatasetServiceIntegrationTests.TestGetAllDatasets",""
"passed","Tue Oct 22 21:35:30 GMT 2024","Tue Oct 22 21:35:30 GMT 2024","1","","","","UnitTests.Services.UserServiceUnitTests","UnitTests.Services.UserServiceUnitTests.IsBannedUserIsBanned","UnitTests.Services.UserServiceUnitTests.IsBannedUserIsBanned",""
"passed","Tue Oct 22 21:36:13 GMT 2024","Tue Oct 22 21:36:13 GMT 2024","23","","","","IntegrationTests.Repositories.UserRepositoryIntegrationTests","IntegrationTests.Repositories.UserRepositoryIntegrationTests.TestUnbanUser","IntegrationTests.Repositories.UserRepositoryIntegrationTests.TestUnbanUser",""
"passed","Tue Oct 22 21:36:13 GMT 2024","Tue Oct 22 21:36:13 GMT 2024","16","","","","IntegrationTests.Repositories.UserRepositoryIntegrationTests","IntegrationTests.Repositories.UserRepositoryIntegrationTests.TestGetUserById","IntegrationTests.Repositories.UserRepositoryIntegrationTests.TestGetUserById",""
"passed","Tue Oct 22 21:36:14 GMT 2024","Tue Oct 22 21:36:14 GMT 2024","30","","","","IntegrationTests.Services.MarkedServiceIntegrationTests","IntegrationTests.Services.MarkedServiceIntegrationTests.GetAll_ShouldReturnAllMarkedModels_WhenAdminIdIsAdmin","IntegrationTests.Services.MarkedServiceIntegrationTests.GetAll_ShouldReturnAllMarkedModels_WhenAdminIdIsAdmin",""
"passed","Tue Oct 22 21:35:31 GMT 2024","Tue Oct 22 21:35:31 GMT 2024","2","","","","UnitTests.Repositories.UserRepositoryUnitTests","UnitTests.Repositories.UserRepositoryUnitTests.TestGetUserByEmailNotFound","UnitTests.Repositories.UserRepositoryUnitTests.TestGetUserByEmailNotFound",""
"passed","Tue Oct 22 21:35:31 GMT 2024","Tue Oct 22 21:35:31 GMT 2024","0","","","","UnitTests.Services.DatasetServiceUnitTests","UnitTests.Services.DatasetServiceUnitTests.TestGetAllDatasetsWhenNoDatasetsAvailable","UnitTests.Services.DatasetServiceUnitTests.TestGetAllDatasetsWhenNoDatasetsAvailable",""
"passed","Tue Oct 22 21:36:15 GMT 2024","Tue Oct 22 21:36:15 GMT 2024","22","","","","IntegrationTests.Services.UserServiceIntegrationTests","IntegrationTests.Services.UserServiceIntegrationTests.BanUserExists","IntegrationTests.Services.UserServiceIntegrationTests.BanUserExists",""
"passed","Tue Oct 22 21:35:31 GMT 2024","Tue Oct 22 21:35:31 GMT 2024","3","","","","UnitTests.Repositories.MarkedRepositoryUnitTests","UnitTests.Repositories.MarkedRepositoryUnitTests.TestGetExistingMarked","UnitTests.Repositories.MarkedRepositoryUnitTests.TestGetExistingMarked",""
"passed","Tue Oct 22 21:35:30 GMT 2024","Tue Oct 22 21:35:30 GMT 2024","4","","","","UnitTests.Repositories.LabelRepositoryUnitTests","UnitTests.Repositories.LabelRepositoryUnitTests.TestGetAllLabels","UnitTests.Repositories.LabelRepositoryUnitTests.TestGetAllLabels",""
"passed","Tue Oct 22 21:35:30 GMT 2024","Tue Oct 22 21:35:30 GMT 2024","7","","","","UnitTests.Repositories.LabelRepositoryUnitTests","UnitTests.Repositories.LabelRepositoryUnitTests.TestDeleteExistingLabel","UnitTests.Repositories.LabelRepositoryUnitTests.TestDeleteExistingLabel",""
"passed","Tue Oct 22 21:36:14 GMT 2024","Tue Oct 22 21:36:14 GMT 2024","52","","","","IntegrationTests.Services.MarkedServiceIntegrationTests","IntegrationTests.Services.MarkedServiceIntegrationTests.Get_ShouldReturnFilteredMarkedModels_WhenAdminIdIsNotAdmin","IntegrationTests.Services.MarkedServiceIntegrationTests.Get_ShouldReturnFilteredMarkedModels_WhenAdminIdIsNotAdmin",""
"passed","Tue Oct 22 21:35:30 GMT 2024","Tue Oct 22 21:35:30 GMT 2024","1","","","","UnitTests.Services.MarkedServiceTests","UnitTests.Services.MarkedServiceTests.Delete_ShouldLogAndHandleException_WhenIdDoesNotExist","UnitTests.Services.MarkedServiceTests.Delete_ShouldLogAndHandleException_WhenIdDoesNotExist",""
"passed","Tue Oct 22 21:35:30 GMT 2024","Tue Oct 22 21:35:30 GMT 2024","1","","","","UnitTests.Services.MarkedServiceTests","UnitTests.Services.MarkedServiceTests.Update_Rects_ShouldUpdateMarkedModel_WhenCalledWithValidModel","UnitTests.Services.MarkedServiceTests.Update_Rects_ShouldUpdateMarkedModel_WhenCalledWithValidModel",""
"passed","Tue Oct 22 21:35:31 GMT 2024","Tue Oct 22 21:35:31 GMT 2024","1","","","","UnitTests.Repositories.ReportRepositoryUnitTests","UnitTests.Repositories.ReportRepositoryUnitTests.TestGetAllReports","UnitTests.Repositories.ReportRepositoryUnitTests.TestGetAllReports",""
"passed","Tue Oct 22 21:36:13 GMT 2024","Tue Oct 22 21:36:13 GMT 2024","47","","","","IntegrationTests.Repositories.SchemeRepositoryIntegrationTests","IntegrationTests.Repositories.SchemeRepositoryIntegrationTests.TestAddSchemeWithLabels","IntegrationTests.Repositories.SchemeRepositoryIntegrationTests.TestAddSchemeWithLabels",""
"passed","Tue Oct 22 21:35:30 GMT 2024","Tue Oct 22 21:35:30 GMT 2024","1","","","","UnitTests.Services.UserServiceUnitTests","UnitTests.Services.UserServiceUnitTests.BanMarksAdminIsNotAdmin","UnitTests.Services.UserServiceUnitTests.BanMarksAdminIsNotAdmin",""
"passed","Tue Oct 22 21:36:11 GMT 2024","Tue Oct 22 21:36:11 GMT 2024","26","","","","IntegrationTests.Repositories.ImageRepositoryIntegrationTests","IntegrationTests.Repositories.ImageRepositoryIntegrationTests.TestAddImageInNonEmptyTable","IntegrationTests.Repositories.ImageRepositoryIntegrationTests.TestAddImageInNonEmptyTable",""
"passed","Tue Oct 22 21:36:13 GMT 2024","Tue Oct 22 21:36:13 GMT 2024","49","","","","IntegrationTests.Repositories.SchemeRepositoryIntegrationTests","IntegrationTests.Repositories.SchemeRepositoryIntegrationTests.TestGetAllSchemes","IntegrationTests.Repositories.SchemeRepositoryIntegrationTests.TestGetAllSchemes",""
"passed","Tue Oct 22 21:35:31 GMT 2024","Tue Oct 22 21:35:31 GMT 2024","1","","","","UnitTests.Repositories.UserRepositoryUnitTests","UnitTests.Repositories.UserRepositoryUnitTests.TestIsBanNotFound","UnitTests.Repositories.UserRepositoryUnitTests.TestIsBanNotFound",""
"passed","Tue Oct 22 21:35:30 GMT 2024","Tue Oct 22 21:35:30 GMT 2024","0","","","","UnitTests.Converters.BannedConverterUnitTests","UnitTests.Converters.BannedConverterUnitTests.TestConvertNullDbToCoreModel","UnitTests.Converters.BannedConverterUnitTests.TestConvertNullDbToCoreModel",""
"passed","Tue Oct 22 21:36:13 GMT 2024","Tue Oct 22 21:36:13 GMT 2024","42","","","","IntegrationTests.Services.AuthServiceIntegrationTests","IntegrationTests.Services.AuthServiceIntegrationTests.TestRegisterUserWithValidData","IntegrationTests.Services.AuthServiceIntegrationTests.TestRegisterUserWithValidData",""
"passed","Tue Oct 22 21:35:31 GMT 2024","Tue Oct 22 21:35:31 GMT 2024","1","","","","UnitTests.Services.DatasetServiceUnitTests","UnitTests.Services.DatasetServiceUnitTests.TestGetAllDatasets","UnitTests.Services.DatasetServiceUnitTests.TestGetAllDatasets",""
"passed","Tue Oct 22 21:35:30 GMT 2024","Tue Oct 22 21:35:30 GMT 2024","0","","","","UnitTests.Converters.ReportConverterUnitTests","UnitTests.Converters.ReportConverterUnitTests.TestConvertNullCoreToDbModel","UnitTests.Converters.ReportConverterUnitTests.TestConvertNullCoreToDbModel",""
"passed","Tue Oct 22 21:36:12 GMT 2024","Tue Oct 22 21:36:12 GMT 2024","45","","","","IntegrationTests.Repositories.ReportRepositoryIntegrationTests","IntegrationTests.Repositories.ReportRepositoryIntegrationTests.TestCreateReportInEmptyTable","IntegrationTests.Repositories.ReportRepositoryIntegrationTests.TestCreateReportInEmptyTable",""
"passed","Tue Oct 22 21:35:31 GMT 2024","Tue Oct 22 21:35:31 GMT 2024","2","","","","UnitTests.Repositories.UserRepositoryUnitTests","UnitTests.Repositories.UserRepositoryUnitTests.TestGetUserById","UnitTests.Repositories.UserRepositoryUnitTests.TestGetUserById",""
"passed","Tue Oct 22 21:35:30 GMT 2024","Tue Oct 22 21:35:30 GMT 2024","15","","","","UnitTests.Services.UserServiceUnitTests","UnitTests.Services.UserServiceUnitTests.GetUsersUserIsNotAdmin","UnitTests.Services.UserServiceUnitTests.GetUsersUserIsNotAdmin",""
"passed","Tue Oct 22 21:35:30 GMT 2024","Tue Oct 22 21:35:30 GMT 2024","1","","","","UnitTests.Converters.ReportConverterUnitTests","UnitTests.Converters.ReportConverterUnitTests.TestConvertOkCoreToDbModel","UnitTests.Converters.ReportConverterUnitTests.TestConvertOkCoreToDbModel",""
"passed","Tue Oct 22 21:36:14 GMT 2024","Tue Oct 22 21:36:14 GMT 2024","25","","","","IntegrationTests.Services.DatasetServiceIntegrationTests","IntegrationTests.Services.DatasetServiceIntegrationTests.TestGetDatasetWithExistingId","IntegrationTests.Services.DatasetServiceIntegrationTests.TestGetDatasetWithExistingId",""
"passed","Tue Oct 22 21:35:30 GMT 2024","Tue Oct 22 21:35:30 GMT 2024","2","","","","UnitTests.Services.UserServiceUnitTests","UnitTests.Services.UserServiceUnitTests.UnbanUserIsNotBanned","UnitTests.Services.UserServiceUnitTests.UnbanUserIsNotBanned",""
"passed","Tue Oct 22 21:35:30 GMT 2024","Tue Oct 22 21:35:30 GMT 2024","7","","","","UnitTests.Repositories.MarkedRepositoryUnitTests","UnitTests.Repositories.MarkedRepositoryUnitTests.TestGetByDatasetId","UnitTests.Repositories.MarkedRepositoryUnitTests.TestGetByDatasetId",""
"passed","Tue Oct 22 21:36:13 GMT 2024","Tue Oct 22 21:36:13 GMT 2024","19","","","","IntegrationTests.Repositories.UserRepositoryIntegrationTests","IntegrationTests.Repositories.UserRepositoryIntegrationTests.TestIsBan","IntegrationTests.Repositories.UserRepositoryIntegrationTests.TestIsBan",""
"passed","Tue Oct 22 21:35:30 GMT 2024","Tue Oct 22 21:35:30 GMT 2024","1","","","","UnitTests.Services.SchemeServiceUnitTests","UnitTests.Services.SchemeServiceUnitTests.TestAddSchemeWithEmptyTitle","UnitTests.Services.SchemeServiceUnitTests.TestAddSchemeWithEmptyTitle",""
"passed","Tue Oct 22 21:35:30 GMT 2024","Tue Oct 22 21:35:30 GMT 2024","5","","","","UnitTests.Repositories.DatasetRepositoryUnitTests","UnitTests.Repositories.DatasetRepositoryUnitTests.TestGetAllNoDataset","UnitTests.Repositories.DatasetRepositoryUnitTests.TestGetAllNoDataset",""
"passed","Tue Oct 22 21:35:30 GMT 2024","Tue Oct 22 21:35:30 GMT 2024","20","","","","UnitTests.Repositories.UserRepositoryUnitTests","UnitTests.Repositories.UserRepositoryUnitTests.TestGetUserByIdNotFound","UnitTests.Repositories.UserRepositoryUnitTests.TestGetUserByIdNotFound",""
